node_id,original_index,entity_name,entity_id,entity_source,entity_type
2795,14012,Copper,DB09130,DrugBank,drug
2797,14014,Flunisolide,DB00180,DrugBank,drug
2798,14015,Alclometasone,DB00240,DrugBank,drug
2799,14016,Medrysone,DB00253,DrugBank,drug
2800,14017,Fluorometholone,DB00324,DrugBank,drug
2801,14018,Beclomethasone dipropionate,DB00394,DrugBank,drug
2802,14019,Betamethasone,DB00443,DrugBank,drug
2803,14020,Fluticasone propionate,DB00588,DrugBank,drug
2804,14021,Fluocinolone acetonide,DB00591,DrugBank,drug
2805,14022,Ulobetasol,DB00596,DrugBank,drug
2806,14023,Triamcinolone,DB00620,DrugBank,drug
2807,14024,Prednisone,DB00635,DrugBank,drug
2808,14025,Mitotane,DB00648,DrugBank,drug
2809,14026,Flumethasone,DB00663,DrugBank,drug
2810,14027,Fludrocortisone,DB00687,DrugBank,drug
2811,14028,Hydrocortisone,DB00741,DrugBank,drug
2812,14029,Flurandrenolide,DB00846,DrugBank,drug
2813,14030,Prednisolone,DB00860,DrugBank,drug
2814,14031,Rimexolone,DB00896,DrugBank,drug
2815,14032,Clobetasol propionate,DB01013,DrugBank,drug
2816,14033,Fluocinonide,DB01047,DrugBank,drug
2817,14034,Budesonide,DB01222,DrugBank,drug
2818,14035,Paramethasone,DB01384,DrugBank,drug
2819,14036,Ciclesonide,DB01410,DrugBank,drug
2821,14038,Fluticasone furoate,DB08906,DrugBank,drug
2822,14039,Medrogestone,DB09124,DrugBank,drug
2823,14040,Fluticasone,DB13867,DrugBank,drug
2824,14041,Hydrocortisone aceponate,DB14538,DrugBank,drug
2825,14042,Hydrocortisone acetate,DB14539,DrugBank,drug
2826,14043,Hydrocortisone butyrate,DB14540,DrugBank,drug
2827,14044,Hydrocortisone cypionate,DB14541,DrugBank,drug
2828,14045,Hydrocortisone phosphate,DB14542,DrugBank,drug
2829,14046,Hydrocortisone probutate,DB14543,DrugBank,drug
2830,14047,Hydrocortisone valerate,DB14544,DrugBank,drug
2831,14048,Prednisolone phosphate,DB14631,DrugBank,drug
2832,14049,Betamethasone phosphate,DB14669,DrugBank,drug
2833,14050,Prednisolone acetate,DB15566,DrugBank,drug
2835,14052,Vitamin A,DB00162,DrugBank,drug
2836,14053,Beta carotene,DB06755,DrugBank,drug
2837,14054,Vitamin E,DB00163,DrugBank,drug
2839,14056,Fenretinide,DB05076,DrugBank,drug
2841,14058,Diethylstilbestrol,DB00255,DrugBank,drug
2842,14059,Liothyronine,DB00279,DrugBank,drug
2843,14060,Levothyroxine,DB00451,DrugBank,drug
2844,14061,Diclofenac,DB00586,DrugBank,drug
2845,14062,Diflunisal,DB00861,DrugBank,drug
2846,14063,Dimethyl sulfoxide,DB01093,DrugBank,drug
2847,14064,Liotrix,DB01583,DrugBank,drug
2848,14065,Genistein,DB01645,DrugBank,drug
2852,14069,Flufenamic acid,DB02266,DrugBank,drug
2855,14072,Resveratrol,DB02709,DrugBank,drug
2888,14105,"Thyroid, porcine",DB09100,DrugBank,drug
2889,14106,Hydroxocobalamin,DB00200,DrugBank,drug
2890,14107,Glycyrrhizic acid,DB13751,DrugBank,drug
2891,14108,Ubidecarenone,DB09270,DrugBank,drug
2892,14109,Tocopherol,DB11251,DrugBank,drug
2893,14110,alpha-Tocopherol acetate,DB14003,DrugBank,drug
2894,14111,Alitretinoin,DB00523,DrugBank,drug
2895,14112,Etretinate,DB00926,DrugBank,drug
2897,14114,Iron Dextran,DB00893,DrugBank,drug
2898,14115,Bismuth subsalicylate,DB01294,DrugBank,drug
2899,14116,Gallium nitrate,DB05260,DrugBank,drug
2900,14117,Chromium,DB11136,DrugBank,drug
2902,14119,Ferric cation,DB13949,DrugBank,drug
2903,14120,Tetraferric tricitrate decahydrate,DB14520,DrugBank,drug
2904,14121,Chromic citrate,DB14526,DrugBank,drug
2905,14122,Chromic nitrate,DB14527,DrugBank,drug
2906,14123,Chromium gluconate,DB14528,DrugBank,drug
2907,14124,Chromium nicotinate,DB14529,DrugBank,drug
2908,14125,Chromous sulfate,DB14530,DrugBank,drug
2909,14126,Hyaluronidase (ovine),DB00070,DrugBank,drug
2910,14127,Octreotide,DB00104,DrugBank,drug
2911,14128,Ascorbic acid,DB00126,DrugBank,drug
2913,14130,Thiamine,DB00152,DrugBank,drug
2914,14131,Icosapent,DB00159,DrugBank,drug
2915,14132,Pyridoxine,DB00165,DrugBank,drug
2916,14133,Torasemide,DB00214,DrugBank,drug
2917,14134,Nelfinavir,DB00220,DrugBank,drug
2918,14135,Lovastatin,DB00227,DrugBank,drug
2919,14136,Enflurane,DB00228,DrugBank,drug
2920,14137,Butabarbital,DB00237,DrugBank,drug
2921,14138,Nevirapine,DB00238,DrugBank,drug
2922,14139,Benzatropine,DB00245,DrugBank,drug
2923,14140,Ziprasidone,DB00246,DrugBank,drug
2924,14141,Phenytoin,DB00252,DrugBank,drug
2925,14142,Metoprolol,DB00264,DrugBank,drug
2926,14143,Dicoumarol,DB00266,DrugBank,drug
2927,14144,Topiramate,DB00273,DrugBank,drug
2928,14145,Cefmetazole,DB00274,DrugBank,drug
2929,14146,Argatroban,DB00278,DrugBank,drug
2930,14147,Conjugated estrogens,DB00286,DrugBank,drug
2931,14148,Atomoxetine,DB00289,DrugBank,drug
2932,14149,Etonogestrel,DB00294,DrugBank,drug
2933,14150,Morphine,DB00295,DrugBank,drug
2934,14151,Desogestrel,DB00304,DrugBank,drug
2935,14152,Chlorthalidone,DB00310,DrugBank,drug
2936,14153,Valproic acid,DB00313,DrugBank,drug
2937,14154,Acetaminophen,DB00316,DrugBank,drug
2938,14155,Gefitinib,DB00317,DrugBank,drug
2939,14156,Amitriptyline,DB00321,DrugBank,drug
2940,14157,Hydromorphone,DB00327,DrugBank,drug
2941,14158,Indomethacin,DB00328,DrugBank,drug
2942,14159,Ipratropium,DB00332,DrugBank,drug
2943,14160,Methadone,DB00333,DrugBank,drug
2944,14161,Olanzapine,DB00334,DrugBank,drug
2945,14162,Atenolol,DB00335,DrugBank,drug
2946,14163,Diltiazem,DB00343,DrugBank,drug
2947,14164,Alprazolam,DB00404,DrugBank,drug
2948,14165,Rosiglitazone,DB00412,DrugBank,drug
2949,14166,Acetohexamide,DB00414,DrugBank,drug
2950,14167,Ampicillin,DB00415,DrugBank,drug
2951,14168,Spironolactone,DB00421,DrugBank,drug
2952,14169,Cefpiramide,DB00430,DrugBank,drug
2953,14170,Trifluridine,DB00432,DrugBank,drug
2954,14171,Meperidine,DB00454,DrugBank,drug
2955,14172,Cefalotin,DB00456,DrugBank,drug
2956,14173,Imipramine,DB00458,DrugBank,drug
2957,14174,Acitretin,DB00459,DrugBank,drug
2958,14175,Nabumetone,DB00461,DrugBank,drug
2959,14176,Fluoxetine,DB00472,DrugBank,drug
2960,14177,Duloxetine,DB00476,DrugBank,drug
2961,14178,Chlorpromazine,DB00477,DrugBank,drug
2962,14179,Raloxifene,DB00481,DrugBank,drug
2963,14180,Buspirone,DB00490,DrugBank,drug
2964,14181,Zidovudine,DB00495,DrugBank,drug
2965,14182,Oxycodone,DB00497,DrugBank,drug
2966,14183,Tolmetin,DB00500,DrugBank,drug
2967,14184,Ritonavir,DB00503,DrugBank,drug
2968,14185,Vancomycin,DB00512,DrugBank,drug
2969,14186,Cisplatin,DB00515,DrugBank,drug
2970,14187,Erlotinib,DB00530,DrugBank,drug
2971,14188,Ciprofloxacin,DB00537,DrugBank,drug
2972,14189,Nortriptyline,DB00540,DrugBank,drug
2973,14190,Fluorouracil,DB00544,DrugBank,drug
2974,14191,Piroxicam,DB00554,DrugBank,drug
2975,14192,Lamotrigine,DB00555,DrugBank,drug
2976,14193,Hydroxyzine,DB00557,DrugBank,drug
2977,14194,Methotrexate,DB00563,DrugBank,drug
2978,14195,Cephalexin,DB00567,DrugBank,drug
2979,14196,Propranolol,DB00571,DrugBank,drug
2980,14197,Fenoprofen,DB00573,DrugBank,drug
2981,14198,Clonidine,DB00575,DrugBank,drug
2982,14199,Sulfamethizole,DB00576,DrugBank,drug
2983,14200,Enalapril,DB00584,DrugBank,drug
2984,14201,Oxytetracycline,DB00595,DrugBank,drug
2985,14202,Labetalol,DB00598,DrugBank,drug
2986,14203,Medroxyprogesterone acetate,DB00603,DrugBank,drug
2987,14204,Sulindac,DB00605,DrugBank,drug
2988,14205,Nafcillin,DB00607,DrugBank,drug
2989,14206,Chloroquine,DB00608,DrugBank,drug
2990,14207,Imatinib,DB00619,DrugBank,drug
2991,14208,Testosterone,DB00624,DrugBank,drug
2992,14209,Efavirenz,DB00625,DrugBank,drug
2993,14210,Stavudine,DB00649,DrugBank,drug
2994,14211,Estrone,DB00655,DrugBank,drug
2995,14212,Verapamil,DB00661,DrugBank,drug
2996,14213,Tamoxifen,DB00675,DrugBank,drug
2997,14214,Isoflurophate,DB00677,DrugBank,drug
2998,14215,Losartan,DB00678,DrugBank,drug
2999,14216,Warfarin,DB00682,DrugBank,drug
3000,14217,Furosemide,DB00695,DrugBank,drug
3001,14218,Lamivudine,DB00709,DrugBank,drug
3002,14219,Flurbiprofen,DB00712,DrugBank,drug
3003,14220,Apomorphine,DB00714,DrugBank,drug
3004,14221,Norethisterone,DB00717,DrugBank,drug
3005,14222,Nateglinide,DB00731,DrugBank,drug
3006,14223,Risperidone,DB00734,DrugBank,drug
3007,14224,Meclizine,DB00737,DrugBank,drug
3008,14225,Gadobenic acid,DB00743,DrugBank,drug
3009,14226,Zileuton,DB00744,DrugBank,drug
3010,14227,Etodolac,DB00749,DrugBank,drug
3011,14228,Isoflurane,DB00753,DrugBank,drug
3012,14229,Tretinoin,DB00755,DrugBank,drug
3013,14230,Tetracycline,DB00759,DrugBank,drug
3014,14231,Irinotecan,DB00762,DrugBank,drug
3016,14233,Hydroflumethiazide,DB00774,DrugBank,drug
3017,14234,Oxcarbazepine,DB00776,DrugBank,drug
3018,14235,Estradiol,DB00783,DrugBank,drug
3019,14236,Mefenamic acid,DB00784,DrugBank,drug
3020,14237,Acyclovir,DB00787,DrugBank,drug
3021,14238,Naproxen,DB00788,DrugBank,drug
3022,14239,Alfentanil,DB00802,DrugBank,drug
3023,14240,Indapamide,DB00808,DrugBank,drug
3024,14241,Fentanyl,DB00813,DrugBank,drug
3025,14242,Meloxicam,DB00814,DrugBank,drug
3027,14244,Propofol,DB00818,DrugBank,drug
3028,14245,Diazepam,DB00829,DrugBank,drug
3029,14246,Oxazepam,DB00842,DrugBank,drug
3030,14247,Clofazimine,DB00845,DrugBank,drug
3031,14248,Cysteamine,DB00847,DrugBank,drug
3032,14249,Pseudoephedrine,DB00852,DrugBank,drug
3033,14250,Terbinafine,DB00857,DrugBank,drug
3034,14251,Tacrolimus,DB00864,DrugBank,drug
3035,14252,Suprofen,DB00870,DrugBank,drug
3037,14254,Emtricitabine,DB00879,DrugBank,drug
3038,14255,Quinapril,DB00881,DrugBank,drug
3039,14256,Didanosine,DB00900,DrugBank,drug
3040,14257,Etacrynic acid,DB00903,DrugBank,drug
3041,14258,Quinidine,DB00908,DrugBank,drug
3042,14259,Repaglinide,DB00912,DrugBank,drug
3043,14260,Cyclobenzaprine,DB00924,DrugBank,drug
3044,14261,Metacycline,DB00931,DrugBank,drug
3045,14262,Salicylic acid,DB00936,DrugBank,drug
3046,14263,Salmeterol,DB00938,DrugBank,drug
3047,14264,Zalcitabine,DB00943,DrugBank,drug
3048,14265,Phenprocoumon,DB00946,DrugBank,drug
3049,14266,Fexofenadine,DB00950,DrugBank,drug
3050,14267,Isoniazid,DB00951,DrugBank,drug
3051,14268,Norgestimate,DB00957,DrugBank,drug
3052,14269,Methylprednisolone,DB00959,DrugBank,drug
3053,14270,Ethinylestradiol,DB00977,DrugBank,drug
3054,14271,Isotretinoin,DB00982,DrugBank,drug
3055,14272,Formoterol,DB00983,DrugBank,drug
3056,14273,Azathioprine,DB00993,DrugBank,drug
3057,14274,Auranofin,DB00995,DrugBank,drug
3058,14275,Doxorubicin,DB00997,DrugBank,drug
3059,14276,Hydrochlorothiazide,DB00999,DrugBank,drug
3060,14277,Letrozole,DB01006,DrugBank,drug
3061,14278,Ketoprofen,DB01009,DrugBank,drug
3062,14279,Sulfamethoxazole,DB01015,DrugBank,drug
3063,14280,Glyburide,DB01016,DrugBank,drug
3064,14281,Ketoconazole,DB01026,DrugBank,drug
3065,14282,Irbesartan,DB01029,DrugBank,drug
3066,14283,Probenecid,DB01032,DrugBank,drug
3067,14284,Fenofibrate,DB01039,DrugBank,drug
3068,14285,Gatifloxacin,DB01044,DrugBank,drug
3069,14286,Rifampicin,DB01045,DrugBank,drug
3070,14287,Ibuprofen,DB01050,DrugBank,drug
3071,14288,Benzylpenicillin,DB01053,DrugBank,drug
3072,14289,Tocainide,DB01056,DrugBank,drug
3073,14290,Echothiophate,DB01057,DrugBank,drug
3074,14291,Amoxicillin,DB01060,DrugBank,drug
3075,14292,Oxybutynin,DB01062,DrugBank,drug
3076,14293,Glipizide,DB01067,DrugBank,drug
3077,14294,Clonazepam,DB01068,DrugBank,drug
3078,14295,Promethazine,DB01069,DrugBank,drug
3079,14296,Atazanavir,DB01072,DrugBank,drug
3080,14297,Atorvastatin,DB01076,DrugBank,drug
3081,14298,Rosuvastatin,DB01098,DrugBank,drug
3082,14299,Sertraline,DB01104,DrugBank,drug
3083,14300,Miconazole,DB01110,DrugBank,drug
3084,14301,Nifedipine,DB01115,DrugBank,drug
3085,14302,Amiodarone,DB01118,DrugBank,drug
3086,14303,Gliclazide,DB01120,DrugBank,drug
3087,14304,Tolbutamide,DB01124,DrugBank,drug
3088,14305,Dutasteride,DB01126,DrugBank,drug
3089,14306,Pioglitazone,DB01132,DrugBank,drug
3090,14307,Tiludronic acid,DB01133,DrugBank,drug
3091,14308,Carvedilol,DB01136,DrugBank,drug
3092,14309,Levofloxacin,DB01137,DrugBank,drug
3093,14310,Doxepin,DB01142,DrugBank,drug
3094,14311,Cloxacillin,DB01147,DrugBank,drug
3095,14312,Halothane,DB01159,DrugBank,drug
3096,14313,Arsenic trioxide,DB01169,DrugBank,drug
3097,14314,Naloxone,DB01183,DrugBank,drug
3098,14315,Desflurane,DB01189,DrugBank,drug
3099,14316,Flecainide,DB01195,DrugBank,drug
3100,14317,Captopril,DB01197,DrugBank,drug
3101,14318,Ceftriaxone,DB01212,DrugBank,drug
3102,14319,Saquinavir,DB01232,DrugBank,drug
3103,14320,Dexamethasone,DB01234,DrugBank,drug
3104,14321,Levodopa,DB01235,DrugBank,drug
3105,14322,Sevoflurane,DB01236,DrugBank,drug
3106,14323,Aripiprazole,DB01238,DrugBank,drug
3107,14324,Gemfibrozil,DB01241,DrugBank,drug
3108,14325,Clomipramine,DB01242,DrugBank,drug
3109,14326,Darunavir,DB01264,DrugBank,drug
3110,14327,Hydralazine,DB01275,DrugBank,drug
3111,14328,Exenatide,DB01276,DrugBank,drug
3112,14329,Insulin detemir,DB01307,DrugBank,drug
3113,14330,Fosphenytoin,DB01320,DrugBank,drug
3114,14331,Polythiazide,DB01324,DrugBank,drug
3115,14332,Cefazolin,DB01327,DrugBank,drug
3116,14333,Cefonicid,DB01328,DrugBank,drug
3117,14334,Cefoperazone,DB01329,DrugBank,drug
3118,14335,Cefotetan,DB01330,DrugBank,drug
3119,14336,Ephedrine,DB01364,DrugBank,drug
3120,14337,Aluminium,DB01370,DrugBank,drug
3121,14338,Colchicine,DB01394,DrugBank,drug
3122,14339,Digitoxin,DB01396,DrugBank,drug
3123,14340,Magnesium salicylate,DB01397,DrugBank,drug
3124,14341,Acenocoumarol,DB01418,DrugBank,drug
3125,14342,Testosterone propionate,DB01420,DrugBank,drug
3126,14343,Sulfamerazine,DB01581,DrugBank,drug
3127,14344,Sulfamethazine,DB01582,DrugBank,drug
3128,14345,Ketazolam,DB01587,DrugBank,drug
3129,14346,Lopinavir,DB01601,DrugBank,drug
3130,14347,Hydroxychloroquine,DB01611,DrugBank,drug
3131,14348,Acepromazine,DB01614,DrugBank,drug
3132,14349,Pipotiazine,DB01621,DrugBank,drug
3133,14350,Thioproperazine,DB01622,DrugBank,drug
3134,14351,Thiothixene,DB01623,DrugBank,drug
3135,14352,Topiroxostat,DB01685,DrugBank,drug
3139,14356,Oxyphenbutazone,DB03585,DrugBank,drug
3140,14357,Capric acid,DB03600,DrugBank,drug
3142,14359,Quercetin,DB04216,DrugBank,drug
3145,14362,Arachidonic Acid,DB04557,DrugBank,drug
3146,14363,Estrone sulfate,DB04574,DrugBank,drug
3147,14364,Camptothecin,DB04690,DrugBank,drug
3148,14365,Iodipamide,DB04711,DrugBank,drug
3149,14366,Dantron,DB04816,DrugBank,drug
3150,14367,Zomepirac,DB04828,DrugBank,drug
3151,14368,Dronedarone,DB04855,DrugBank,drug
3152,14369,Nebivolol,DB04861,DrugBank,drug
3153,14370,Oritavancin,DB04911,DrugBank,drug
3154,14371,Pirfenidone,DB04951,DrugBank,drug
3156,14373,Vandetanib,DB05294,DrugBank,drug
3158,14375,Telaprevir,DB05521,DrugBank,drug
3159,14376,Abiraterone,DB05812,DrugBank,drug
3160,14377,Cenobamate,DB06119,DrugBank,drug
3161,14378,Rufinamide,DB06201,DrugBank,drug
3162,14379,Prasugrel,DB06209,DrugBank,drug
3163,14380,Asenapine,DB06216,DrugBank,drug
3164,14381,Levocetirizine,DB06282,DrugBank,drug
3165,14382,Simeprevir,DB06290,DrugBank,drug
3166,14383,Oxymetholone,DB06412,DrugBank,drug
3167,14384,Prucalopride,DB06480,DrugBank,drug
3168,14385,Liraglutide,DB06655,DrugBank,drug
3169,14386,Gadofosveset trisodium,DB06705,DrugBank,drug
3170,14387,Methyltestosterone,DB06710,DrugBank,drug
3171,14388,Fospropofol,DB06716,DrugBank,drug
3172,14389,Mangafodipir,DB06796,DrugBank,drug
3173,14390,Azapropazone,DB07402,DrugBank,drug
3175,14392,Chloramphenicol succinate,DB07565,DrugBank,drug
3178,14395,(R)-warfarin,DB08496,DrugBank,drug
3179,14396,"R,S-Warfarin alcohol",DB08735,DrugBank,drug
3180,14397,"S,R-Warfarin alcohol",DB08736,DrugBank,drug
3181,14398,Triflusal,DB08814,DrugBank,drug
3182,14399,Ticagrelor,DB08816,DrugBank,drug
3183,14400,Ivacaftor,DB08820,DrugBank,drug
3184,14401,Vismodegib,DB08828,DrugBank,drug
3185,14402,Pitavastatin,DB08860,DrugBank,drug
3186,14403,Rilpivirine,DB08864,DrugBank,drug
3187,14404,Ulipristal,DB08867,DrugBank,drug
3188,14405,Vemurafenib,DB08881,DrugBank,drug
3189,14406,Mirabegron,DB08893,DrugBank,drug
3190,14407,Tofacitinib,DB08895,DrugBank,drug
3191,14408,Enzalutamide,DB08899,DrugBank,drug
3192,14409,Riociguat,DB08931,DrugBank,drug
3193,14410,Macitentan,DB08932,DrugBank,drug
3194,14411,Ibrutinib,DB09053,DrugBank,drug
3195,14412,Palbociclib,DB09073,DrugBank,drug
3196,14413,Nintedanib,DB09079,DrugBank,drug
3197,14414,Potassium alum,DB09087,DrugBank,drug
3198,14415,Chlortetracycline,DB09093,DrugBank,drug
3199,14416,Technetium Tc-99m oxidronate,DB09139,DrugBank,drug
3200,14417,Lorpiprazole,DB09195,DrugBank,drug
3201,14418,Arotinolol,DB09204,DrugBank,drug
3202,14419,Dexibuprofen,DB09213,DrugBank,drug
3203,14420,Blonanserin,DB09223,DrugBank,drug
3204,14421,Aranidipine,DB09229,DrugBank,drug
3205,14422,Lacidipine,DB09236,DrugBank,drug
3206,14423,Levamlodipine,DB09237,DrugBank,drug
3207,14424,Methylene blue,DB09241,DrugBank,drug
3208,14425,Imidafenacin,DB09262,DrugBank,drug
3209,14426,Artesunate,DB09274,DrugBank,drug
3210,14427,Lumacaftor,DB09280,DrugBank,drug
3211,14428,Tenofovir alafenamide,DB09299,DrugBank,drug
3215,14432,Meprednisone,DB09383,DrugBank,drug
3216,14433,Potassium perchlorate,DB09418,DrugBank,drug
3218,14435,Insulin degludec,DB09564,DrugBank,drug
3219,14436,Calcium citrate,DB11093,DrugBank,drug
3220,14437,Opium,DB11130,DrugBank,drug
3222,14439,Butamben,DB11148,DrugBank,drug
3224,14441,Calcium Phosphate,DB11348,DrugBank,drug
3225,14442,Dichlorvos,DB11397,DrugBank,drug
3226,14443,Grazoprevir,DB11575,DrugBank,drug
3227,14444,Thimerosal,DB11590,DrugBank,drug
3228,14445,Delamanid,DB11637,DrugBank,drug
3229,14446,Vinflunine,DB11641,DrugBank,drug
3230,14447,Pitolisant,DB11642,DrugBank,drug
3231,14448,Triheptanoin,DB11677,DrugBank,drug
3232,14449,Selumetinib,DB11689,DrugBank,drug
3233,14450,Acalabrutinib,DB11703,DrugBank,drug
3234,14451,Rifamycin,DB11753,DrugBank,drug
3235,14452,Istradefylline,DB11757,DrugBank,drug
3236,14453,Fostemsavir,DB11796,DrugBank,drug
3238,14455,Ertugliflozin,DB11827,DrugBank,drug
3239,14456,Neratinib,DB11828,DrugBank,drug
3240,14457,Relugolix,DB11853,DrugBank,drug
3241,14458,Revefenacin,DB11855,DrugBank,drug
3242,14459,Delafloxacin,DB11943,DrugBank,drug
3243,14460,Dacomitinib,DB11963,DrugBank,drug
3244,14461,Glasdegib,DB11978,DrugBank,drug
3245,14462,Abemaciclib,DB12001,DrugBank,drug
3246,14463,Gilteritinib,DB12141,DrugBank,drug
3247,14464,Remimazolam,DB12404,DrugBank,drug
3248,14465,Omadacycline,DB12455,DrugBank,drug
3249,14466,Favipiravir,DB12466,DrugBank,drug
3250,14467,Copanlisib,DB12483,DrugBank,drug
3251,14468,Lurbinectedin,DB12674,DrugBank,drug
3252,14469,Grapiprant,DB12836,DrugBank,drug
3253,14470,Darolutamide,DB12941,DrugBank,drug
3254,14471,Pexidartinib,DB12978,DrugBank,drug
3255,14472,Hypericin,DB13014,DrugBank,drug
3257,14474,Bismuth subgallate,DB13909,DrugBank,drug
3258,14475,Semaglutide,DB13928,DrugBank,drug
3259,14476,Testosterone cypionate,DB13943,DrugBank,drug
3260,14477,Testosterone enanthate,DB13944,DrugBank,drug
3261,14478,Testosterone undecanoate,DB13946,DrugBank,drug
3262,14479,Estradiol acetate,DB13952,DrugBank,drug
3263,14480,Estradiol benzoate,DB13953,DrugBank,drug
3264,14481,Estradiol cypionate,DB13954,DrugBank,drug
3265,14482,Estradiol dienanthate,DB13955,DrugBank,drug
3266,14483,Estradiol valerate,DB13956,DrugBank,drug
3267,14484,Tenofovir,DB14126,DrugBank,drug
3268,14485,Aripiprazole lauroxil,DB14185,DrugBank,drug
3269,14486,Calcium phosphate dihydrate,DB14481,DrugBank,drug
3270,14487,Magnesium,DB14513,DrugBank,drug
3271,14488,Aluminium phosphate,DB14517,DrugBank,drug
3273,14490,Zinc chloride,DB14533,DrugBank,drug
3274,14491,"Zinc sulfate, unspecified form",DB14548,DrugBank,drug
3277,14494,Ripretinib,DB14840,DrugBank,drug
3279,14496,Human interferon beta,DB14999,DrugBank,drug
3280,14497,Somapacitan,DB15093,DrugBank,drug
3281,14498,Risdiplam,DB15305,DrugBank,drug
3282,14499,Elexacaftor,DB15444,DrugBank,drug
3284,14501,Fluoroestradiol F-18,DB15690,DrugBank,drug
3285,14502,Asparaginase Escherichia coli,DB00023,DrugBank,drug
3286,14503,Pegaspargase,DB00059,DrugBank,drug
3287,14504,Floxuridine,DB00322,DrugBank,drug
3288,14505,Mephenytoin,DB00532,DrugBank,drug
3289,14506,Niacin,DB00627,DrugBank,drug
3290,14507,Clofibrate,DB00636,DrugBank,drug
3291,14508,Ethotoin,DB00754,DrugBank,drug
3292,14509,Meclofenamic acid,DB00939,DrugBank,drug
3293,14510,Heparin,DB01109,DrugBank,drug
3294,14511,Dantrolene,DB01219,DrugBank,drug
3295,14512,Diamorphine,DB01452,DrugBank,drug
3296,14513,5-fluorouridine,DB01629,DrugBank,drug
3297,14514,Asparaginase Erwinia chrysanthemi,DB08886,DrugBank,drug
3298,14515,Etofenamate,DB08984,DrugBank,drug
3299,14516,Tegafur,DB09256,DrugBank,drug
3300,14517,"Synthetic Conjugated Estrogens, A",DB09317,DrugBank,drug
3301,14518,"Synthetic Conjugated Estrogens, B",DB09318,DrugBank,drug
3302,14519,Esterified estrogens,DB09381,DrugBank,drug
3303,14520,Allantoin,DB11100,DrugBank,drug
3304,14521,Liothyronine I-131,DB12425,DrugBank,drug
3305,14522,Neocitrullamon,DB13396,DrugBank,drug
3307,14524,alpha-Tocopherol succinate,DB14001,DrugBank,drug
3308,14525,D-alpha-Tocopherol acetate,DB14002,DrugBank,drug
3310,14527,Fluoxymesterone,DB01185,DrugBank,drug
3311,14528,Danazol,DB01406,DrugBank,drug
3312,14529,2-Methoxyestradiol,DB02342,DrugBank,drug
3313,14530,Stanolone,DB02901,DrugBank,drug
3316,14533,Stanolone acetate,DB13951,DrugBank,drug
3318,14535,Ro 12-7310,DB08455,DrugBank,drug
3320,14537,Ranolazine,DB00243,DrugBank,drug
3321,14538,Disopyramide,DB00280,DrugBank,drug
3322,14539,Prazosin,DB00457,DrugBank,drug
3323,14540,Amoxapine,DB00543,DrugBank,drug
3324,14541,Tamsulosin,DB00706,DrugBank,drug
3325,14542,Maprotiline,DB00934,DrugBank,drug
3326,14543,Desipramine,DB01151,DrugBank,drug
3327,14544,Bupropion,DB01156,DrugBank,drug
3328,14545,Clindamycin,DB01190,DrugBank,drug
3329,14546,Metoclopramide,DB01233,DrugBank,drug
3330,14547,Penbutolol,DB01359,DrugBank,drug
3331,14548,Ajmaline,DB01426,DrugBank,drug
3332,14549,Aprindine,DB01429,DrugBank,drug
3333,14550,Nomifensine,DB04821,DrugBank,drug
3334,14551,Canagliflozin,DB08907,DrugBank,drug
3335,14552,Omega-3-carboxylic acids,DB09568,DrugBank,drug
3336,14553,Pentetic acid,DB14007,DrugBank,drug
3337,14554,Mecasermin,DB01277,DrugBank,drug
3339,14556,"Antihemophilic Factor (Recombinant), PEGylated",DB09329,DrugBank,drug
3340,14557,Turoctocog alfa pegol,DB14738,DrugBank,drug
3341,14558,Etomidate,DB00292,DrugBank,drug
3342,14559,Calcitriol,DB00136,DrugBank,drug
3343,14560,Ergocalciferol,DB00153,DrugBank,drug
3344,14561,Cholecalciferol,DB00169,DrugBank,drug
3345,14562,Alfacalcidol,DB01436,DrugBank,drug
3355,14572,alpha-Linolenic acid,DB00132,DrugBank,drug
3357,14574,Sulfinpyrazone,DB01138,DrugBank,drug
3358,14575,Dexchlorpheniramine maleate,DB09555,DrugBank,drug
3361,14578,Cholic Acid,DB02659,DrugBank,drug
3363,14580,Remoxipride,DB00409,DrugBank,drug
3364,14581,Cocaine,DB00907,DrugBank,drug
3365,14582,Nadolol,DB01203,DrugBank,drug
3366,14583,Solifenacin,DB01591,DrugBank,drug
3367,14584,L-Glutamine,DB00130,DrugBank,drug
3370,14587,Ethanol,DB00898,DrugBank,drug
3371,14588,Isosorbide mononitrate,DB01020,DrugBank,drug
3372,14589,Polyethylene glycol 400,DB11077,DrugBank,drug
3373,14590,Ozanimod,DB12612,DrugBank,drug
3374,14591,Glycine,DB00145,DrugBank,drug
3375,14592,Magnesium gluconate,DB13749,DrugBank,drug
3376,14593,Anti-inhibitor coagulant complex,DB13151,DrugBank,drug
3377,14594,Albutrepenonacog alfa,DB13884,DrugBank,drug
3378,14595,Desmopressin,DB00035,DrugBank,drug
3379,14596,Eletriptan,DB00216,DrugBank,drug
3380,14597,Dapsone,DB00250,DrugBank,drug
3381,14598,Dronabinol,DB00470,DrugBank,drug
3382,14599,Montelukast,DB00471,DrugBank,drug
3383,14600,Rofecoxib,DB00533,DrugBank,drug
3384,14601,Zafirlukast,DB00549,DrugBank,drug
3385,14602,Voriconazole,DB00582,DrugBank,drug
3386,14603,Chlorpropamide,DB00672,DrugBank,drug
3387,14604,Etoposide,DB00773,DrugBank,drug
3388,14605,Candesartan cilexetil,DB00796,DrugBank,drug
3389,14606,Thalidomide,DB01041,DrugBank,drug
3390,14607,Diphenhydramine,DB01075,DrugBank,drug
3391,14608,Ifosfamide,DB01181,DrugBank,drug
3392,14609,Zopiclone,DB01198,DrugBank,drug
3393,14610,Ketamine,DB01221,DrugBank,drug
3394,14611,Hexobarbital,DB01355,DrugBank,drug
3395,14612,Trabectedin,DB05109,DrugBank,drug
3396,14613,Zaltoprofen,DB06737,DrugBank,drug
3397,14614,Ketobemidone,DB06738,DrugBank,drug
3398,14615,Seratrodast,DB06739,DrugBank,drug
3399,14616,Dexketoprofen,DB09214,DrugBank,drug
3400,14617,Talniflumate,DB09295,DrugBank,drug
3401,14618,Candesartan,DB13919,DrugBank,drug
3402,14619,"Antihemophilic factor, human recombinant",DB00025,DrugBank,drug
3403,14620,Betrixaban,DB12364,DrugBank,drug
3405,14622,Moroctocog alfa,DB13999,DrugBank,drug
3406,14623,Prasterone,DB01708,DrugBank,drug
3407,14624,Tibolone,DB09070,DrugBank,drug
3408,14625,Corticotropin,DB01285,DrugBank,drug
3411,14628,Tioguanine,DB00352,DrugBank,drug
3412,14629,Tryptophan,DB00150,DrugBank,drug
3413,14630,Omega-3-acid ethyl esters,DB09539,DrugBank,drug
3414,14631,Spermine,DB00127,DrugBank,drug
3416,14633,Lumateperone,DB06077,DrugBank,drug
3417,14634,Nitric Oxide,DB00435,DrugBank,drug
3418,14635,Nitroglycerin,DB00727,DrugBank,drug
3419,14636,Amyl Nitrite,DB01612,DrugBank,drug
3420,14637,Pentaerythritol tetranitrate,DB06154,DrugBank,drug
3421,14638,Benzyl alcohol,DB06770,DrugBank,drug
3422,14639,Paraldehyde,DB09117,DrugBank,drug
3423,14640,Propylthiouracil,DB00550,DrugBank,drug
3424,14641,Dopamine,DB00988,DrugBank,drug
3426,14643,Capsaicin,DB06774,DrugBank,drug
3427,14644,Sodium oxybate,DB09072,DrugBank,drug
3428,14645,Methionine,DB00134,DrugBank,drug
3429,14646,Succinic acid,DB00139,DrugBank,drug
3431,14648,Molsidomine,DB09282,DrugBank,drug
3432,14649,Prothrombin,DB11311,DrugBank,drug
3433,14650,Dabigatran etexilate,DB06695,DrugBank,drug
3435,14652,Potassium gluconate,DB13620,DrugBank,drug
3436,14653,Choline,DB00122,DrugBank,drug
3437,14654,Choline salicylate,DB14006,DrugBank,drug
3438,14655,Masoprocol,DB00179,DrugBank,drug
3439,14656,Cannabidiol,DB09061,DrugBank,drug
3440,14657,Morniflumate,DB09285,DrugBank,drug
3441,14658,Omega-3 fatty acids,DB11133,DrugBank,drug
3443,14660,Medical Cannabis,DB14009,DrugBank,drug
3444,14661,Nabiximols,DB14011,DrugBank,drug
3445,14662,Ribavirin,DB00811,DrugBank,drug
3446,14663,Aldesleukin,DB00041,DrugBank,drug
3447,14664,Sapropterin,DB00360,DrugBank,drug
3448,14665,Clodronic acid,DB00720,DrugBank,drug
3449,14666,Chlorphenesin,DB00856,DrugBank,drug
3450,14667,Risedronic acid,DB00884,DrugBank,drug
3451,14668,Bumetanide,DB00887,DrugBank,drug
3452,14669,Bromfenac,DB00963,DrugBank,drug
3453,14670,Drospirenone,DB01395,DrugBank,drug
3454,14671,Cimicoxib,DB05095,DrugBank,drug
3455,14672,Prasterone sulfate,DB05804,DrugBank,drug
3456,14673,"Sar9, Met (O2)11-Substance P",DB05875,DrugBank,drug
3457,14674,Seliciclib,DB06195,DrugBank,drug
3458,14675,Semaxanib,DB06436,DrugBank,drug
3459,14676,Nonoxynol-9,DB06804,DrugBank,drug
3460,14677,Tafluprost,DB08819,DrugBank,drug
3461,14678,Folic acid,DB00158,DrugBank,drug
3462,14679,Zinc,DB01593,DrugBank,drug
3463,14680,Zinc acetate,DB14487,DrugBank,drug
3464,14681,Ademetionine,DB00118,DrugBank,drug
3465,14682,Trimetrexate,DB01157,DrugBank,drug
3466,14683,Aminopterin,DB08878,DrugBank,drug
3468,14685,Progesterone,DB00396,DrugBank,drug
3469,14686,Clomifene,DB00882,DrugBank,drug
3470,14687,Aminophenazone,DB01424,DrugBank,drug
3471,14688,Aldosterone,DB04630,DrugBank,drug
3472,14689,Sodium acetate,DB09395,DrugBank,drug
3473,14690,Bempedoic acid,DB11936,DrugBank,drug
3474,14691,Amiloride,DB00594,DrugBank,drug
3475,14692,Antihemophilic factor human,DB13192,DrugBank,drug
3476,14693,Human calcitonin,DB06773,DrugBank,drug
3477,14694,Pegfilgrastim,DB00019,DrugBank,drug
3478,14695,Pegvisomant,DB00082,DrugBank,drug
3479,14696,Pentamidine,DB00738,DrugBank,drug
3480,14697,Plitidepsin,DB04977,DrugBank,drug
3481,14698,Pyrantel,DB11156,DrugBank,drug
3482,14699,Lusutrombopag,DB13125,DrugBank,drug
3483,14700,Tildrakizumab,DB14004,DrugBank,drug
3484,14701,Mefloquine,DB00358,DrugBank,drug
3485,14702,Ranitidine,DB00863,DrugBank,drug
3486,14703,Methantheline,DB00940,DrugBank,drug
3487,14704,Calcifediol,DB00146,DrugBank,drug
3488,14705,Vitamin D,DB11094,DrugBank,drug
3489,14706,Cyanocobalamin,DB00115,DrugBank,drug
3490,14707,Ferrous sulfate anhydrous,DB13257,DrugBank,drug
3491,14708,Tucatinib,DB11652,DrugBank,drug
3492,14709,Gabapentin,DB00996,DrugBank,drug
3493,14710,Doxercalciferol,DB06410,DrugBank,drug
3494,14711,Chenodeoxycholic acid,DB06777,DrugBank,drug
3495,14712,Glycerin,DB09462,DrugBank,drug
3496,14713,Decitabine,DB01262,DrugBank,drug
3497,14714,Sofosbuvir,DB08934,DrugBank,drug
3499,14716,Selenium,DB11135,DrugBank,drug
3500,14717,Streptokinase,DB00086,DrugBank,drug
3501,14718,Carbamoylcholine,DB00411,DrugBank,drug
3502,14719,Epirubicin,DB00445,DrugBank,drug
3503,14720,Carbenicillin,DB00578,DrugBank,drug
3504,14721,Orlistat,DB01083,DrugBank,drug
3505,14722,Suramin,DB04786,DrugBank,drug
3506,14723,Urethane,DB04827,DrugBank,drug
3508,14725,Glycerol phenylbutyrate,DB08909,DrugBank,drug
3509,14726,Melatonin,DB01065,DrugBank,drug
3510,14727,Pralatrexate,DB06813,DrugBank,drug
3512,14729,Cimetidine,DB00501,DrugBank,drug
3513,14730,Metyrapone,DB01011,DrugBank,drug
3514,14731,Mibefradil,DB01388,DrugBank,drug
3515,14732,Hydrocortisone succinate,DB14545,DrugBank,drug
3516,14733,Levomefolic acid,DB11256,DrugBank,drug
3517,14734,Polaprezinc,DB09221,DrugBank,drug
3518,14735,Brexanolone,DB11859,DrugBank,drug
3519,14736,Oxaliplatin,DB00526,DrugBank,drug
3520,14737,Carboplatin,DB00958,DrugBank,drug
3521,14738,Busulfan,DB01008,DrugBank,drug
3522,14739,Curcumin,DB11672,DrugBank,drug
3523,14740,Chlorambucil,DB00291,DrugBank,drug
3524,14741,Hydrogen peroxide,DB11091,DrugBank,drug
3525,14742,Selenious acid,DB11127,DrugBank,drug
3526,14743,Indocyanine green acid form,DB09374,DrugBank,drug
3527,14744,Esculin,DB13155,DrugBank,drug
3529,14746,Trastuzumab deruxtecan,DB14962,DrugBank,drug
3530,14747,Chondroitin sulfate,DB09301,DrugBank,drug
3531,14748,Propacetamol,DB09288,DrugBank,drug
3532,14749,Vayarin,DB09328,DrugBank,drug
3533,14750,Evening primrose oil,DB11358,DrugBank,drug
3534,14751,Zinc sulfate,DB09322,DrugBank,drug
3536,14753,Mersalyl,DB09338,DrugBank,drug
3538,14755,Edetate calcium disodium anhydrous,DB14598,DrugBank,drug
3539,14756,Edetate disodium anhydrous,DB14600,DrugBank,drug
3540,14757,Curcumin sulfate,DB14635,DrugBank,drug
3541,14758,Capecitabine,DB01101,DrugBank,drug
3542,14759,Tegafur-uracil,DB09327,DrugBank,drug
3544,14761,Niraparib,DB11793,DrugBank,drug
3545,14762,Bendroflumethiazide,DB00436,DrugBank,drug
3546,14763,Trichlormethiazide,DB01021,DrugBank,drug
3547,14764,Mercaptopurine,DB01033,DrugBank,drug
3548,14765,Cobimetinib,DB05239,DrugBank,drug
3549,14766,"Dextrose, unspecified form",DB09341,DrugBank,drug
3550,14767,Invert sugar,DB09344,DrugBank,drug
3551,14768,Dalteparin,DB06779,DrugBank,drug
3552,14769,Ataluren,DB05016,DrugBank,drug
3553,14770,Bivalirudin,DB00006,DrugBank,drug
3554,14771,Ticlopidine,DB00208,DrugBank,drug
3555,14772,Aminosalicylic acid,DB00233,DrugBank,drug
3556,14773,Cefaclor,DB00833,DrugBank,drug
3557,14774,Enoxaparin,DB01225,DrugBank,drug
3558,14775,Calcipotriol,DB02300,DrugBank,drug
3561,14778,Cariporide,DB06468,DrugBank,drug
3562,14779,Tiopronin,DB06823,DrugBank,drug
3563,14780,Cytarabine,DB00987,DrugBank,drug
3564,14781,Fludeoxyglucose (18F),DB09502,DrugBank,drug
3566,14783,Caffeine,DB00201,DrugBank,drug
3567,14784,Theophylline,DB00277,DrugBank,drug
3568,14785,Omeprazole,DB00338,DrugBank,drug
3569,14786,Lansoprazole,DB00448,DrugBank,drug
3570,14787,Flutamide,DB00499,DrugBank,drug
3571,14788,Amodiaquine,DB00613,DrugBank,drug
3572,14789,Daunorubicin,DB00694,DrugBank,drug
3573,14790,Primaquine,DB01087,DrugBank,drug
3574,14791,Mitoxantrone,DB01204,DrugBank,drug
3575,14792,Paclitaxel,DB01229,DrugBank,drug
3576,14793,Docetaxel,DB01248,DrugBank,drug
3577,14794,Dasatinib,DB01254,DrugBank,drug
3579,14796,Triclabendazole,DB12245,DrugBank,drug
3580,14797,Imipenem,DB01598,DrugBank,drug
3581,14798,Doripenem,DB06211,DrugBank,drug
3582,14799,Insulin human,DB00030,DrugBank,drug
3583,14800,Norelgestromin,DB06713,DrugBank,drug
3584,14801,Urokinase,DB00013,DrugBank,drug
3585,14802,Pemetrexed,DB00642,DrugBank,drug
3586,14803,Calcium carbimide,DB09116,DrugBank,drug
3587,14804,L-tartaric acid,DB09459,DrugBank,drug
3588,14805,Gabexate,DB12831,DrugBank,drug
3589,14806,Entacapone,DB00494,DrugBank,drug
3590,14807,Epinephrine,DB00668,DrugBank,drug
3591,14808,Dobutamine,DB00841,DrugBank,drug
3592,14809,Methyldopa,DB00968,DrugBank,drug
3593,14810,Micafungin,DB01141,DrugBank,drug
3594,14811,Nylidrin,DB06152,DrugBank,drug
3595,14812,Echinacoside,DB15488,DrugBank,drug
3596,14813,Troglitazone,DB00197,DrugBank,drug
3597,14814,Chlorotrianisene,DB00269,DrugBank,drug
3598,14815,Carbimazole,DB00389,DrugBank,drug
3599,14816,Edetic acid,DB00974,DrugBank,drug
3600,14817,Exemestane,DB00990,DrugBank,drug
3601,14818,Tioconazole,DB01007,DrugBank,drug
3602,14819,Econazole,DB01127,DrugBank,drug
3603,14820,Bifonazole,DB04794,DrugBank,drug
3604,14821,Cyproterone acetate,DB04839,DrugBank,drug
3605,14822,Sulfathiazole,DB06147,DrugBank,drug
3606,14823,Endostatin,DB06423,DrugBank,drug
3607,14824,Buserelin,DB06719,DrugBank,drug
3608,14825,Nandrolone decanoate,DB08804,DrugBank,drug
3609,14826,Norgestrel,DB09389,DrugBank,drug
3610,14827,Oxytocin,DB00107,DrugBank,drug
3611,14828,Cycloserine,DB00260,DrugBank,drug
3612,14829,Flupentixol,DB00875,DrugBank,drug
3613,14830,Amantadine,DB00915,DrugBank,drug
3614,14831,Droxidopa,DB06262,DrugBank,drug
3615,14832,Fluorodopa (18F),DB13848,DrugBank,drug
3616,14833,Riboflavin,DB00140,DrugBank,drug
3617,14834,Menadione,DB00170,DrugBank,drug
3618,14835,Benazepril,DB00542,DrugBank,drug
3619,14836,Ramipril,DB00178,DrugBank,drug
3621,14838,Succinylcholine,DB00202,DrugBank,drug
3622,14839,Sulpiride,DB00391,DrugBank,drug
3623,14840,Profenamine,DB00392,DrugBank,drug
3624,14841,Triflupromazine,DB00508,DrugBank,drug
3625,14842,Cinchocaine,DB00527,DrugBank,drug
3626,14843,Nizatidine,DB00585,DrugBank,drug
3627,14844,Diethylcarbamazine,DB00711,DrugBank,drug
3628,14845,Procaine,DB00721,DrugBank,drug
3629,14846,Perindopril,DB00790,DrugBank,drug
3631,14848,Terbutaline,DB00871,DrugBank,drug
3632,14849,Mechlorethamine,DB00888,DrugBank,drug
3633,14850,Oxybuprocaine,DB00892,DrugBank,drug
3634,14851,Cyclopentolate,DB00979,DrugBank,drug
3635,14852,Procainamide,DB01035,DrugBank,drug
3636,14853,Trimethaphan,DB01116,DrugBank,drug
3637,14854,Ambenonium,DB01122,DrugBank,drug
3638,14855,Doxacurium,DB01135,DrugBank,drug
3639,14856,Chloroprocaine,DB01161,DrugBank,drug
3640,14857,Tubocurarine,DB01199,DrugBank,drug
3641,14858,Decamethonium,DB01245,DrugBank,drug
3642,14859,Pancuronium,DB01337,DrugBank,drug
3643,14860,Pipecuronium,DB01338,DrugBank,drug
3644,14861,Neostigmine,DB01400,DrugBank,drug
3645,14862,Bambuterol,DB01408,DrugBank,drug
3646,14863,Methylphosphinic Acid,DB02845,DrugBank,drug
3650,14867,Butyrylthiocholine,DB04250,DrugBank,drug
3651,14868,Thiotepa,DB04572,DrugBank,drug
3652,14869,Clevidipine,DB04920,DrugBank,drug
3653,14870,Regramostim,DB05386,DrugBank,drug
3654,14871,Aprotinin,DB06692,DrugBank,drug
3655,14872,Glycine betaine,DB06756,DrugBank,drug
3656,14873,Aclidinium,DB08897,DrugBank,drug
3657,14874,Moxisylyte,DB09205,DrugBank,drug
3658,14875,Tretamine,DB14031,DrugBank,drug
3659,14876,Miltefosine,DB09031,DrugBank,drug
3661,14878,Cidofovir,DB00369,DrugBank,drug
3662,14879,Tezacitabine,DB06433,DrugBank,drug
3663,14880,Nicotine,DB00184,DrugBank,drug
3664,14881,Phenylephrine,DB00388,DrugBank,drug
3665,14882,Linezolid,DB00601,DrugBank,drug
3666,14883,Furazolidone,DB00614,DrugBank,drug
3667,14884,Phenelzine,DB00780,DrugBank,drug
3668,14885,Moclobemide,DB01171,DrugBank,drug
3676,14893,Iproniazid,DB04818,DrugBank,drug
3677,14894,Bicifadine,DB04889,DrugBank,drug
3678,14895,Tedizolid phosphate,DB09042,DrugBank,drug
3679,14896,Tedizolid,DB14569,DrugBank,drug
3680,14897,Zolmitriptan,DB00315,DrugBank,drug
3681,14898,Phenylpropanolamine,DB00397,DrugBank,drug
3682,14899,Sumatriptan,DB00669,DrugBank,drug
3683,14900,Almotriptan,DB00918,DrugBank,drug
3684,14901,Naratriptan,DB00952,DrugBank,drug
3685,14902,Rizatriptan,DB00953,DrugBank,drug
3686,14903,Bufotenine,DB01445,DrugBank,drug
3687,14904,Safinamide,DB06654,DrugBank,drug
3688,14905,Pirlindole,DB09244,DrugBank,drug
3689,14906,Toloxatone,DB09245,DrugBank,drug
3690,14907,Eravacycline,DB12329,DrugBank,drug
3691,14908,Ubrogepant,DB15328,DrugBank,drug
3693,14910,Pyrazinamide,DB00339,DrugBank,drug
3694,14911,Allopurinol,DB00437,DrugBank,drug
3695,14912,Deferoxamine,DB00746,DrugBank,drug
3696,14913,Trifluoperazine,DB00831,DrugBank,drug
3697,14914,Procarbazine,DB01168,DrugBank,drug
3699,14916,Porfiromycin,DB06478,DrugBank,drug
3700,14917,Vidarabine,DB00194,DrugBank,drug
3701,14918,Adenosine,DB00640,DrugBank,drug
3702,14919,Nelarabine,DB01280,DrugBank,drug
3707,14924,Diazoxide,DB01119,DrugBank,drug
3708,14925,Ethyl biscoumacetate,DB08794,DrugBank,drug
3709,14926,Paricalcitol,DB00910,DrugBank,drug
3716,14933,Valaciclovir,DB00577,DrugBank,drug
3717,14934,Cyclosporine,DB00091,DrugBank,drug
3718,14935,Fluconazole,DB00196,DrugBank,drug
3719,14936,Erythromycin,DB00199,DrugBank,drug
3720,14937,Sildenafil,DB00203,DrugBank,drug
3721,14938,Reserpine,DB00206,DrugBank,drug
3722,14939,Indinavir,DB00224,DrugBank,drug
3723,14940,Lidocaine,DB00281,DrugBank,drug
3724,14941,Amcinonide,DB00288,DrugBank,drug
3725,14942,Terfenadine,DB00342,DrugBank,drug
3726,14943,Levonorgestrel,DB00367,DrugBank,drug
3727,14944,Amlodipine,DB00381,DrugBank,drug
3728,14945,Sorafenib,DB00398,DrugBank,drug
3729,14946,Nisoldipine,DB00401,DrugBank,drug
3730,14947,Cerivastatin,DB00439,DrugBank,drug
3731,14948,Teniposide,DB00444,DrugBank,drug
3732,14949,Chloramphenicol,DB00446,DrugBank,drug
3733,14950,Loratadine,DB00455,DrugBank,drug
3734,14951,Quinine,DB00468,DrugBank,drug
3735,14952,Haloperidol,DB00502,DrugBank,drug
3736,14953,Lercanidipine,DB00528,DrugBank,drug
3737,14954,Cyclophosphamide,DB00531,DrugBank,drug
3738,14955,Vincristine,DB00541,DrugBank,drug
3739,14956,Carbamazepine,DB00564,DrugBank,drug
3740,14957,Fenfluramine,DB00574,DrugBank,drug
3741,14958,Cisapride,DB00604,DrugBank,drug
3742,14959,Nicardipine,DB00622,DrugBank,drug
3743,14960,Astemizole,DB00637,DrugBank,drug
3744,14961,Simvastatin,DB00641,DrugBank,drug
3745,14962,Trazodone,DB00656,DrugBank,drug
3746,14963,Midazolam,DB00683,DrugBank,drug
3747,14964,Mycophenolate mofetil,DB00688,DrugBank,drug
3748,14965,Eplerenone,DB00700,DrugBank,drug
3749,14966,Amprenavir,DB00701,DrugBank,drug
3750,14967,Delavirdine,DB00705,DrugBank,drug
3751,14968,Modafinil,DB00745,DrugBank,drug
3752,14969,Clopidogrel,DB00758,DrugBank,drug
3753,14970,Mometasone,DB00764,DrugBank,drug
3754,14971,Tadalafil,DB00820,DrugBank,drug
3755,14972,Disulfiram,DB00822,DrugBank,drug
3756,14973,Mifepristone,DB00834,DrugBank,drug
3757,14974,Vardenafil,DB00862,DrugBank,drug
3758,14975,Sirolimus,DB00877,DrugBank,drug
3759,14976,Triazolam,DB00897,DrugBank,drug
3760,14977,Ondansetron,DB00904,DrugBank,drug
3761,14978,Bimatoprost,DB00905,DrugBank,drug
3762,14979,Zonisamide,DB00909,DrugBank,drug
3763,14980,Metronidazole,DB00916,DrugBank,drug
3764,14981,Buprenorphine,DB00921,DrugBank,drug
3765,14982,Zaleplon,DB00962,DrugBank,drug
3766,14983,Azelastine,DB00972,DrugBank,drug
3767,14984,Felodipine,DB01023,DrugBank,drug
3768,14985,Nitrendipine,DB01054,DrugBank,drug
3769,14986,Praziquantel,DB01058,DrugBank,drug
3770,14987,Fluvastatin,DB01095,DrugBank,drug
3771,14988,Pimozide,DB01100,DrugBank,drug
3772,14989,Quinacrine,DB01103,DrugBank,drug
3773,14990,Chlorpheniramine,DB01114,DrugBank,drug
3774,14991,Cilostazol,DB01166,DrugBank,drug
3775,14992,Itraconazole,DB01167,DrugBank,drug
3776,14993,Phenobarbital,DB01174,DrugBank,drug
3777,14994,Domperidone,DB01184,DrugBank,drug
3778,14995,Clarithromycin,DB01211,DrugBank,drug
3779,14996,Finasteride,DB01216,DrugBank,drug
3780,14997,Anastrozole,DB01217,DrugBank,drug
3781,14998,Halofantrine,DB01218,DrugBank,drug
3782,14999,Quetiapine,DB01224,DrugBank,drug
3783,15000,Lapatinib,DB01259,DrugBank,drug
3784,15001,Paliperidone,DB01267,DrugBank,drug
3785,15002,Sunitinib,DB01268,DrugBank,drug
3786,15003,Cortisone acetate,DB01380,DrugBank,drug
3787,15004,Ditiocarb,DB02520,DrugBank,drug
3788,15005,Dexloxiglumide,DB04856,DrugBank,drug
3789,15006,Iloperidone,DB04946,DrugBank,drug
3790,15007,Azimilide,DB04957,DrugBank,drug
3791,15008,Trastuzumab emtansine,DB05773,DrugBank,drug
3792,15009,Romidepsin,DB06176,DrugBank,drug
3793,15010,Rivaroxaban,DB06228,DrugBank,drug
3794,15011,Udenafil,DB06267,DrugBank,drug
3795,15012,Temsirolimus,DB06287,DrugBank,drug
3796,15013,Saxagliptin,DB06335,DrugBank,drug
3797,15014,Ambrisentan,DB06403,DrugBank,drug
3798,15015,Armodafinil,DB06413,DrugBank,drug
3799,15016,Cethromycin,DB06419,DrugBank,drug
3800,15017,Lonafarnib,DB06448,DrugBank,drug
3801,15018,Midostaurin,DB06595,DrugBank,drug
3802,15019,Apixaban,DB06605,DrugBank,drug
3803,15020,Axitinib,DB06626,DrugBank,drug
3804,15021,Vicriviroc,DB06652,DrugBank,drug
3805,15022,Artemether,DB06697,DrugBank,drug
3806,15023,Gestodene,DB06730,DrugBank,drug
3807,15024,Seproxetine,DB06731,DrugBank,drug
3808,15025,Cabazitaxel,DB06772,DrugBank,drug
3809,15026,Hydroxyprogesterone caproate,DB06789,DrugBank,drug
3810,15027,Crizotinib,DB08865,DrugBank,drug
3811,15028,Boceprevir,DB08873,DrugBank,drug
3812,15029,Perampanel,DB08883,DrugBank,drug
3813,15030,Ponatinib,DB08901,DrugBank,drug
3814,15031,Fluprednidene,DB08970,DrugBank,drug
3815,15032,Fluocortolone,DB08971,DrugBank,drug
3816,15033,Idelalisib,DB09054,DrugBank,drug
3817,15034,Cobicistat,DB09065,DrugBank,drug
3818,15035,Vortioxetine,DB09068,DrugBank,drug
3819,15036,Olaparib,DB09074,DrugBank,drug
3820,15037,Difluocortolone,DB09095,DrugBank,drug
3821,15038,Daclatasvir,DB09102,DrugBank,drug
3822,15039,Benidipine,DB09231,DrugBank,drug
3823,15040,Paritaprevir,DB09297,DrugBank,drug
3824,15041,Dexamethasone isonicotinate,DB11487,DrugBank,drug
3825,15042,Elbasvir,DB11574,DrugBank,drug
3826,15043,Asunaprevir,DB11586,DrugBank,drug
3827,15044,Isavuconazole,DB11633,DrugBank,drug
3828,15045,Tezacaftor,DB11712,DrugBank,drug
3829,15046,Icotinib,DB11737,DrugBank,drug
3830,15047,Clobetasol,DB11750,DrugBank,drug
3832,15049,Osilodrostat,DB11837,DrugBank,drug
3833,15050,Valbenazine,DB11915,DrugBank,drug
3834,15051,Deflazacort,DB11921,DrugBank,drug
3835,15052,Lemborexant,DB11951,DrugBank,drug
3836,15053,Letermovir,DB12070,DrugBank,drug
3837,15054,Lorlatinib,DB12130,DrugBank,drug
3838,15055,Deutetrabenazine,DB12161,DrugBank,drug
3839,15056,Doravirine,DB12301,DrugBank,drug
3840,15057,Rucaparib,DB12332,DrugBank,drug
3841,15058,Cortivazol,DB13003,DrugBank,drug
3842,15059,Troleandomycin,DB13179,DrugBank,drug
3843,15060,Prednylidene,DB13208,DrugBank,drug
3844,15061,Umifenovir,DB13609,DrugBank,drug
3845,15062,Halometasone,DB13728,DrugBank,drug
3846,15063,Cloprednol,DB13843,DrugBank,drug
3847,15064,Mometasone furoate,DB14512,DrugBank,drug
3848,15065,Prednisolone hemisuccinate,DB14633,DrugBank,drug
3849,15066,Fluprednidene acetate,DB14634,DrugBank,drug
3850,15067,Methylprednisolone hemisuccinate,DB14644,DrugBank,drug
3851,15068,Prednisone acetate,DB14646,DrugBank,drug
3852,15069,Clocortolone acetate,DB14652,DrugBank,drug
3853,15070,Melengestrol acetate,DB14659,DrugBank,drug
3854,15071,Cortisone,DB14681,DrugBank,drug
3855,15072,Peginterferon alfa-2b,DB00022,DrugBank,drug
3856,15073,Fluvoxamine,DB00176,DrugBank,drug
3857,15074,Amphetamine,DB00182,DrugBank,drug
3858,15075,Cevimeline,DB00185,DrugBank,drug
3859,15076,Esmolol,DB00187,DrugBank,drug
3860,15077,Bortezomib,DB00188,DrugBank,drug
3861,15078,Tramadol,DB00193,DrugBank,drug
3862,15079,Betaxolol,DB00195,DrugBank,drug
3863,15080,Trospium,DB00209,DrugBank,drug
3864,15081,Midodrine,DB00211,DrugBank,drug
3865,15082,Citalopram,DB00215,DrugBank,drug
3866,15083,Reboxetine,DB00234,DrugBank,drug
3867,15084,Clotrimazole,DB00257,DrugBank,drug
3868,15085,Sulfanilamide,DB00259,DrugBank,drug
3869,15086,Clemastine,DB00283,DrugBank,drug
3870,15087,Venlafaxine,DB00285,DrugBank,drug
3871,15088,Bupivacaine,DB00297,DrugBank,drug
3872,15089,Codeine,DB00318,DrugBank,drug
3873,15090,Clobazam,DB00349,DrugBank,drug
3874,15091,Chlorzoxazone,DB00356,DrugBank,drug
3875,15092,Vinorelbine,DB00361,DrugBank,drug
3876,15093,Clozapine,DB00363,DrugBank,drug
3877,15094,Mirtazapine,DB00370,DrugBank,drug
3878,15095,Timolol,DB00373,DrugBank,drug
3879,15096,Palonosetron,DB00377,DrugBank,drug
3880,15097,Mexiletine,DB00379,DrugBank,drug
3881,15098,Promazine,DB00420,DrugBank,drug
3882,15099,Zolpidem,DB00425,DrugBank,drug
3883,15100,Prochlorperazine,DB00433,DrugBank,drug
3884,15101,Celecoxib,DB00482,DrugBank,drug
3885,15102,Sotalol,DB00489,DrugBank,drug
3886,15103,Darifenacin,DB00496,DrugBank,drug
3887,15104,Dextromethorphan,DB00514,DrugBank,drug
3888,15105,Carteolol,DB00521,DrugBank,drug
3889,15106,Cinnarizine,DB00568,DrugBank,drug
3890,15107,Vinblastine,DB00570,DrugBank,drug
3891,15108,Doxazosin,DB00590,DrugBank,drug
3892,15109,Piperazine,DB00592,DrugBank,drug
3893,15110,Fluphenazine,DB00623,DrugBank,drug
3894,15111,Dexmedetomidine,DB00633,DrugBank,drug
3895,15112,Dextropropoxyphene,DB00647,DrugBank,drug
3896,15113,Galantamine,DB00674,DrugBank,drug
3897,15114,Thioridazine,DB00679,DrugBank,drug
3898,15115,Nicergoline,DB00699,DrugBank,drug
3899,15116,Paroxetine,DB00715,DrugBank,drug
3900,15117,Trimipramine,DB00726,DrugBank,drug
3901,15118,Epinastine,DB00751,DrugBank,drug
3902,15119,Tranylcypromine,DB00752,DrugBank,drug
3903,15120,Dolasetron,DB00757,DrugBank,drug
3904,15121,Methimazole,DB00763,DrugBank,drug
3905,15122,Tripelennamine,DB00792,DrugBank,drug
3906,15123,Minaprine,DB00805,DrugBank,drug
3907,15124,Biperiden,DB00810,DrugBank,drug
3908,15125,Loperamide,DB00836,DrugBank,drug
3909,15126,Donepezil,DB00843,DrugBank,drug
3910,15127,Perphenazine,DB00850,DrugBank,drug
3911,15128,Alprenolol,DB00866,DrugBank,drug
3912,15129,Phenformin,DB00914,DrugBank,drug
3913,15130,Tipranavir,DB00932,DrugBank,drug
3914,15131,Mesoridazine,DB00933,DrugBank,drug
3915,15132,Hydrocodone,DB00956,DrugBank,drug
3916,15133,Pindolol,DB00960,DrugBank,drug
3917,15134,Hydroxyurea,DB01005,DrugBank,drug
3918,15135,Cinacalcet,DB01012,DrugBank,drug
3919,15136,Methoxyflurane,DB01028,DrugBank,drug
3920,15137,Tolterodine,DB01036,DrugBank,drug
3921,15138,Selegiline,DB01037,DrugBank,drug
3922,15139,Mequitazine,DB01071,DrugBank,drug
3923,15140,Perhexiline,DB01074,DrugBank,drug
3924,15141,Tegaserod,DB01079,DrugBank,drug
3925,15142,Oxamniquine,DB01096,DrugBank,drug
3926,15143,Bicalutamide,DB01128,DrugBank,drug
3927,15144,Rabeprazole,DB01129,DrugBank,drug
3928,15145,Proguanil,DB01131,DrugBank,drug
3929,15146,Nefazodone,DB01149,DrugBank,drug
3930,15147,Orphenadrine,DB01173,DrugBank,drug
3931,15148,Escitalopram,DB01175,DrugBank,drug
3932,15149,Idarubicin,DB01177,DrugBank,drug
3933,15150,Propafenone,DB01182,DrugBank,drug
3934,15151,Dexfenfluramine,DB01191,DrugBank,drug
3935,15152,Oxymorphone,DB01192,DrugBank,drug
3936,15153,Acebutolol,DB01193,DrugBank,drug
3937,15154,Lomustine,DB01206,DrugBank,drug
3938,15155,Levobunolol,DB01210,DrugBank,drug
3939,15156,Metipranolol,DB01214,DrugBank,drug
3940,15157,Encainide,DB01228,DrugBank,drug
3941,15158,Bepridil,DB01244,DrugBank,drug
3942,15159,Lisdexamfetamine,DB01255,DrugBank,drug
3943,15160,Arformoterol,DB01274,DrugBank,drug
3944,15161,Bevantolol,DB01295,DrugBank,drug
3945,15162,Practolol,DB01297,DrugBank,drug
3946,15163,St. John's Wort,DB01323,DrugBank,drug
3947,15164,Yohimbine,DB01392,DrugBank,drug
3948,15165,Methotrimeprazine,DB01403,DrugBank,drug
3949,15166,Tiotropium,DB01409,DrugBank,drug
3950,15167,Antipyrine,DB01435,DrugBank,drug
3951,15168,Midomafetamine,DB01454,DrugBank,drug
3952,15169,Ethylmorphine,DB01466,DrugBank,drug
3953,15170,4-Methoxyamphetamine,DB01472,DrugBank,drug
3954,15171,Dihydrocodeine,DB01551,DrugBank,drug
3955,15172,1-(2-Phenylethyl)-4-phenyl-4-acetoxypiperidine,DB01562,DrugBank,drug
3956,15173,Dextroamphetamine,DB01576,DrugBank,drug
3957,15174,Metamfetamine,DB01577,DrugBank,drug
3958,15175,Oxprenolol,DB01580,DrugBank,drug
3959,15176,Everolimus,DB01590,DrugBank,drug
3960,15177,Zuclopenthixol,DB01624,DrugBank,drug
3961,15178,Etoricoxib,DB01628,DrugBank,drug
3962,15179,Nicotinamide,DB02701,DrugBank,drug
3963,15180,Fusidic acid,DB02703,DrugBank,drug
3964,15181,Phenacetin,DB03783,DrugBank,drug
3965,15182,Lysergic acid diethylamide,DB04829,DrugBank,drug
3966,15183,Debrisoquine,DB04840,DrugBank,drug
3967,15184,Flunarizine,DB04841,DrugBank,drug
3968,15185,Tetrabenazine,DB04844,DrugBank,drug
3969,15186,Celiprolol,DB04846,DrugBank,drug
3970,15187,Nilotinib,DB04868,DrugBank,drug
3971,15188,Lorcaserin,DB04871,DrugBank,drug
3972,15189,Dapoxetine,DB04884,DrugBank,drug
3973,15190,Tesmilifene,DB04905,DrugBank,drug
3974,15191,Ospemifene,DB04938,DrugBank,drug
3975,15192,Lofexidine,DB04948,DrugBank,drug
3976,15193,Rotigotine,DB05271,DrugBank,drug
3977,15194,Cariprazine,DB06016,DrugBank,drug
3979,15196,Sertindole,DB06144,DrugBank,drug
3980,15197,Mianserin,DB06148,DrugBank,drug
3981,15198,Alogliptin,DB06203,DrugBank,drug
3982,15199,Tapentadol,DB06204,DrugBank,drug
3983,15200,Vernakalant,DB06217,DrugBank,drug
3984,15201,Dapagliflozin,DB06292,DrugBank,drug
3985,15202,Indisulam,DB06370,DrugBank,drug
3986,15203,Repinotan,DB06506,DrugBank,drug
3987,15204,Deramciclane,DB06512,DrugBank,drug
3988,15205,Pazopanib,DB06589,DrugBank,drug
3989,15206,Panobinostat,DB06603,DrugBank,drug
3990,15207,Tafenoquine,DB06608,DrugBank,drug
3991,15208,Esmirtazapine,DB06678,DrugBank,drug
3992,15209,Vilazodone,DB06684,DrugBank,drug
3993,15210,Mepyramine,DB06691,DrugBank,drug
3994,15211,Desvenlafaxine,DB06700,DrugBank,drug
3995,15212,Fesoterodine,DB06702,DrugBank,drug
3996,15213,Lumefantrine,DB06708,DrugBank,drug
3997,15214,Bufuralol,DB06726,DrugBank,drug
3998,15215,Sparteine,DB06727,DrugBank,drug
3999,15216,Sulfaphenazole,DB06729,DrugBank,drug
4000,15217,Enclomiphene,DB06735,DrugBank,drug
4001,15218,Phenylbutyric acid,DB06819,DrugBank,drug
4002,15219,Sulconazole,DB06820,DrugBank,drug
4003,15220,Bopindolol,DB08807,DrugBank,drug
4004,15221,Bupranolol,DB08808,DrugBank,drug
4005,15222,Levomilnacipran,DB08918,DrugBank,drug
4006,15223,Perospirone,DB08922,DrugBank,drug
4007,15224,Indenolol,DB08952,DrugBank,drug
4008,15225,Befunolol,DB09013,DrugBank,drug
4009,15226,Eliglustat,DB09039,DrugBank,drug
4010,15227,Netupitant,DB09048,DrugBank,drug
4011,15228,Naloxegol,DB09049,DrugBank,drug
4012,15229,Umeclidinium,DB09076,DrugBank,drug
4013,15230,Lenvatinib,DB09078,DrugBank,drug
4014,15231,Stiripentol,DB09118,DrugBank,drug
4015,15232,Brexpiprazole,DB09128,DrugBank,drug
4016,15233,Dosulepin,DB09167,DrugBank,drug
4017,15234,Butyrfentanyl,DB09173,DrugBank,drug
4018,15235,Dasabuvir,DB09183,DrugBank,drug
4019,15236,Melperone,DB09224,DrugBank,drug
4020,15237,Manidipine,DB09238,DrugBank,drug
4021,15238,Rolapitant,DB09291,DrugBank,drug
4022,15239,Levobetaxolol,DB09351,DrugBank,drug
4023,15240,Ixazomib,DB09570,DrugBank,drug
4024,15241,Rupatadine,DB11614,DrugBank,drug
4025,15242,Artenimol,DB11638,DrugBank,drug
4026,15243,Encorafenib,DB11718,DrugBank,drug
4027,15244,Lasmiditan,DB11732,DrugBank,drug
4028,15245,Talinolol,DB11770,DrugBank,drug
4029,15246,Anisodamine,DB11785,DrugBank,drug
4030,15247,Elagolix,DB11979,DrugBank,drug
4031,15248,Landiolol,DB12212,DrugBank,drug
4033,15250,Fedratinib,DB12500,DrugBank,drug
4034,15251,Mizolastine,DB12523,DrugBank,drug
4035,15252,Ritanserin,DB12693,DrugBank,drug
4036,15253,Bucindolol,DB12752,DrugBank,drug
4037,15254,Levosalbutamol,DB13139,DrugBank,drug
4038,15255,Rhein,DB13174,DrugBank,drug
4039,15256,Ipecac,DB13293,DrugBank,drug
4040,15257,Esatenolol,DB13443,DrugBank,drug
4041,15258,Cloranolol,DB13508,DrugBank,drug
4042,15259,Mepindolol,DB13530,DrugBank,drug
4043,15260,Dexchlorpheniramine,DB13679,DrugBank,drug
4044,15261,Epanolol,DB13757,DrugBank,drug
4045,15262,Tertatolol,DB13775,DrugBank,drug
4046,15263,Enasidenib,DB13874,DrugBank,drug
4047,15264,Black cohosh,DB13975,DrugBank,drug
4048,15265,"5-methoxy-N,N-dimethyltryptamine",DB14010,DrugBank,drug
4049,15266,Clinafloxacin,DB14025,DrugBank,drug
4050,15267,Remdesivir,DB14761,DrugBank,drug
4051,15268,Oliceridine,DB14881,DrugBank,drug
4052,15269,Upadacitinib,DB15091,DrugBank,drug
4053,15270,Lipoic acid,DB00166,DrugBank,drug
4054,15271,Mitomycin,DB00305,DrugBank,drug
4055,15272,Nilutamide,DB00665,DrugBank,drug
4056,15273,Nitrofurantoin,DB00698,DrugBank,drug
4057,15274,Benzphetamine,DB00865,DrugBank,drug
4059,15276,Amrubicin,DB06263,DrugBank,drug
4060,15277,Peginterferon alfa-2a,DB00008,DrugBank,drug
4061,15278,Interferon alfa-n1,DB00011,DrugBank,drug
4062,15279,Interferon alfa-n3,DB00018,DrugBank,drug
4063,15280,Interferon gamma-1b,DB00033,DrugBank,drug
4064,15281,"Interferon alfa-2a, Recombinant",DB00034,DrugBank,drug
4065,15282,Insulin lispro,DB00046,DrugBank,drug
4066,15283,Insulin glargine,DB00047,DrugBank,drug
4067,15284,Interferon beta-1a,DB00060,DrugBank,drug
4068,15285,Interferon beta-1b,DB00068,DrugBank,drug
4069,15286,Interferon alfacon-1,DB00069,DrugBank,drug
4070,15287,Insulin pork,DB00071,DrugBank,drug
4071,15288,Interferon alfa-2b,DB00105,DrugBank,drug
4072,15289,Moxifloxacin,DB00218,DrugBank,drug
4073,15290,Anagrelide,DB00261,DrugBank,drug
4074,15291,Ropinirole,DB00268,DrugBank,drug
4075,15292,Ropivacaine,DB00296,DrugBank,drug
4076,15293,Grepafloxacin,DB00365,DrugBank,drug
4077,15294,Tacrine,DB00382,DrugBank,drug
4078,15295,Triamterene,DB00384,DrugBank,drug
4079,15296,Griseofulvin,DB00400,DrugBank,drug
4080,15297,Secobarbital,DB00418,DrugBank,drug
4081,15298,Streptozocin,DB00428,DrugBank,drug
4082,15299,Trimethoprim,DB00440,DrugBank,drug
4083,15300,Enoxacin,DB00467,DrugBank,drug
4084,15301,Pefloxacin,DB00487,DrugBank,drug
4085,15302,Albendazole,DB00518,DrugBank,drug
4086,15303,Methoxsalen,DB00553,DrugBank,drug
4087,15304,Guanabenz,DB00629,DrugBank,drug
4088,15305,Trovafloxacin,DB00685,DrugBank,drug
4089,15306,Tizanidine,DB00697,DrugBank,drug
4090,15307,Thiabendazole,DB00730,DrugBank,drug
4091,15308,Riluzole,DB00740,DrugBank,drug
4092,15309,Malathion,DB00772,DrugBank,drug
4093,15310,Nalidixic acid,DB00779,DrugBank,drug
4094,15311,Primidone,DB00794,DrugBank,drug
4095,15312,Pentoxifylline,DB00806,DrugBank,drug
4096,15313,Rosoxacin,DB00817,DrugBank,drug
4097,15314,Cinoxacin,DB00827,DrugBank,drug
4098,15315,Dacarbazine,DB00851,DrugBank,drug
4099,15316,Famotidine,DB00927,DrugBank,drug
4100,15317,Alosetron,DB00969,DrugBank,drug
4101,15318,Lomefloxacin,DB00978,DrugBank,drug
4102,15319,Ramelteon,DB00980,DrugBank,drug
4103,15320,Frovatriptan,DB00998,DrugBank,drug
4104,15321,Levobupivacaine,DB01002,DrugBank,drug
4105,15322,Norfloxacin,DB01059,DrugBank,drug
4106,15323,Hesperetin,DB01094,DrugBank,drug
4107,15324,Leflunomide,DB01097,DrugBank,drug
4108,15325,Gemifloxacin,DB01155,DrugBank,drug
4109,15326,Ofloxacin,DB01165,DrugBank,drug
4110,15327,Sparfloxacin,DB01208,DrugBank,drug
4111,15328,Aminophylline,DB01223,DrugBank,drug
4112,15329,Lumiracoxib,DB01283,DrugBank,drug
4113,15330,Oxtriphylline,DB01303,DrugBank,drug
4114,15331,Insulin aspart,DB01306,DrugBank,drug
4115,15332,Insulin glulisine,DB01309,DrugBank,drug
4116,15333,Rasagiline,DB01367,DrugBank,drug
4117,15334,Temafloxacin,DB01405,DrugBank,drug
4118,15335,Theobromine,DB01412,DrugBank,drug
4119,15336,Fenethylline,DB01482,DrugBank,drug
4120,15337,Bromazepam,DB01558,DrugBank,drug
4121,15338,Deferasirox,DB01609,DrugBank,drug
4122,15339,8-azaguanine,DB01667,DrugBank,drug
4123,15340,Xanthine,DB02134,DrugBank,drug
4124,15341,9-Methylguanine,DB02489,DrugBank,drug
4125,15342,Hypoxanthine,DB04076,DrugBank,drug
4126,15343,9-Deazaguanine,DB04356,DrugBank,drug
4127,15344,Belinostat,DB05015,DrugBank,drug
4128,15345,NN344,DB05115,DrugBank,drug
4129,15346,Interferon alfa,DB05258,DrugBank,drug
4130,15347,Albinterferon Alfa-2B,DB05396,DrugBank,drug
4131,15348,Technetium Tc-99m ciprofloxacin,DB05488,DrugBank,drug
4132,15349,Apremilast,DB05676,DrugBank,drug
4133,15350,GTS-21,DB05708,DrugBank,drug
4134,15351,Dovitinib,DB05928,DrugBank,drug
4135,15352,Obeticholic acid,DB05990,DrugBank,drug
4136,15353,Garenoxacin,DB06160,DrugBank,drug
4137,15354,Eltrombopag,DB06210,DrugBank,drug
4138,15355,Vadimezan,DB06235,DrugBank,drug
4139,15356,Tolperisone,DB06264,DrugBank,drug
4140,15357,Avasimibe,DB06442,DrugBank,drug
4141,15358,Propentofylline,DB06479,DrugBank,drug
4142,15359,Muraglitazar,DB06510,DrugBank,drug
4143,15360,Agomelatine,DB06594,DrugBank,drug
4144,15361,Nemonoxacin,DB06600,DrugBank,drug
4145,15362,beta-Naphthoflavone,DB06732,DrugBank,drug
4146,15363,Bendamustine,DB06769,DrugBank,drug
4147,15364,Besifloxacin,DB06771,DrugBank,drug
4148,15365,Niclosamide,DB06803,DrugBank,drug
4149,15366,Teriflunomide,DB08880,DrugBank,drug
4150,15367,Pomalidomide,DB08910,DrugBank,drug
4151,15368,Flumequine,DB08972,DrugBank,drug
4152,15369,Tasimelteon,DB09071,DrugBank,drug
4154,15371,Peginterferon beta-1a,DB09122,DrugBank,drug
4155,15372,Viloxazine,DB09185,DrugBank,drug
4156,15373,Lobeglitazone,DB09198,DrugBank,drug
4157,15374,Zotepine,DB09225,DrugBank,drug
4158,15375,Doxofylline,DB09273,DrugBank,drug
4159,15376,Ramosetron,DB09290,DrugBank,drug
4160,15377,Osimertinib,DB09330,DrugBank,drug
4161,15378,Insulin beef,DB09456,DrugBank,drug
4162,15379,Peppermint oil,DB11198,DrugBank,drug
4163,15380,Enrofloxacin,DB11404,DrugBank,drug
4164,15381,Orbifloxacin,DB11443,DrugBank,drug
4166,15383,Sarafloxacin,DB11491,DrugBank,drug
4167,15384,Difloxacin,DB11511,DrugBank,drug
4168,15385,Insulin peglispro,DB11567,DrugBank,drug
4169,15386,Insulin tregopil,DB11568,DrugBank,drug
4170,15387,Pazufloxacin,DB11774,DrugBank,drug
4171,15388,Capmatinib,DB11791,DrugBank,drug
4172,15389,Prulifloxacin,DB11892,DrugBank,drug
4173,15390,Abametapir,DB11932,DrugBank,drug
4174,15391,Binimetinib,DB11967,DrugBank,drug
4175,15392,Voxilaprevir,DB12026,DrugBank,drug
4176,15393,Lisofylline,DB12406,DrugBank,drug
4177,15394,Cepeginterferon alfa-2B,DB12814,DrugBank,drug
4178,15395,Dihydralazine,DB12945,DrugBank,drug
4179,15396,Bamifylline,DB13203,DrugBank,drug
4180,15397,Sitafloxacin,DB13261,DrugBank,drug
4181,15398,Proxyphylline,DB13449,DrugBank,drug
4182,15399,Acefylline,DB13573,DrugBank,drug
4183,15400,Etamiphylline,DB13592,DrugBank,drug
4184,15401,Oxolinic acid,DB13627,DrugBank,drug
4185,15402,Pentifylline,DB13634,DrugBank,drug
4186,15403,Rufloxacin,DB13772,DrugBank,drug
4187,15404,Bufylline,DB13812,DrugBank,drug
4188,15405,Pipemidic acid,DB13823,DrugBank,drug
4189,15406,Bromotheophylline,DB14018,DrugBank,drug
4190,15407,Furafylline,DB14029,DrugBank,drug
4191,15408,8-chlorotheophylline,DB14132,DrugBank,drug
4192,15409,Ropeginterferon alfa-2b,DB15119,DrugBank,drug
4193,15410,Interferon alfa-2c,DB15131,DrugBank,drug
4195,15412,Histamine,DB05381,DrugBank,drug
4196,15413,Gemcitabine,DB00441,DrugBank,drug
4197,15414,Azacitidine,DB00928,DrugBank,drug
4199,15416,Lorazepam,DB00186,DrugBank,drug
4200,15417,Phentermine,DB00191,DrugBank,drug
4201,15418,Dofetilide,DB00204,DrugBank,drug
4202,15419,Azithromycin,DB00207,DrugBank,drug
4203,15420,Pantoprazole,DB00213,DrugBank,drug
4204,15421,Temazepam,DB00231,DrugBank,drug
4205,15422,Oxiconazole,DB00239,DrugBank,drug
4206,15423,Methysergide,DB00247,DrugBank,drug
4207,15424,Cabergoline,DB00248,DrugBank,drug
4208,15425,Doxycycline,DB00254,DrugBank,drug
4209,15426,Isradipine,DB00270,DrugBank,drug
4210,15427,Flucloxacillin,DB00301,DrugBank,drug
4211,15428,Bexarotene,DB00307,DrugBank,drug
4212,15429,Vindesine,DB00309,DrugBank,drug
4213,15430,Pentobarbital,DB00312,DrugBank,drug
4214,15431,Dihydroergotamine,DB00320,DrugBank,drug
4215,15432,Pimecrolimus,DB00337,DrugBank,drug
4216,15433,Alfuzosin,DB00346,DrugBank,drug
4217,15434,Trimethadione,DB00347,DrugBank,drug
4218,15435,Megestrol acetate,DB00351,DrugBank,drug
4219,15436,Methylergometrine,DB00353,DrugBank,drug
4220,15437,Aminoglutethimide,DB00357,DrugBank,drug
4221,15438,Sulfadiazine,DB00359,DrugBank,drug
4222,15439,Dydrogesterone,DB00378,DrugBank,drug
4223,15440,Nimodipine,DB00393,DrugBank,drug
4224,15441,Eszopiclone,DB00402,DrugBank,drug
4225,15442,Dicloxacillin,DB00485,DrugBank,drug
4226,15443,Caspofungin,DB00520,DrugBank,drug
4227,15444,Toremifene,DB00539,DrugBank,drug
4228,15445,Adinazolam,DB00546,DrugBank,drug
4229,15446,Bosentan,DB00559,DrugBank,drug
4230,15447,Valdecoxib,DB00580,DrugBank,drug
4231,15448,Lisuride,DB00589,DrugBank,drug
4232,15449,Ethosuximide,DB00593,DrugBank,drug
4233,15450,Ivermectin,DB00602,DrugBank,drug
4234,15451,Bisoprolol,DB00612,DrugBank,drug
4235,15452,Rifabutin,DB00615,DrugBank,drug
4236,15453,Paramethadione,DB00617,DrugBank,drug
4237,15454,Clorazepic acid,DB00628,DrugBank,drug
4238,15455,Aprepitant,DB00673,DrugBank,drug
4239,15456,Amphotericin B,DB00681,DrugBank,drug
4240,15457,Flurazepam,DB00690,DrugBank,drug
4241,15458,Ergotamine,DB00696,DrugBank,drug
4242,15459,Sufentanil,DB00708,DrugBank,drug
4243,15460,Azatadine,DB00719,DrugBank,drug
4244,15461,Imiquimod,DB00724,DrugBank,drug
4245,15462,Esomeprazole,DB00736,DrugBank,drug
4246,15463,Hydrocortamate,DB00769,DrugBank,drug
4247,15464,Roxithromycin,DB00778,DrugBank,drug
4248,15465,Phenylbutazone,DB00812,DrugBank,drug
4249,15466,Acetazolamide,DB00819,DrugBank,drug
4250,15467,Ethynodiol diacetate,DB00823,DrugBank,drug
4251,15468,Levomenthol,DB00825,DrugBank,drug
4252,15469,Natamycin,DB00826,DrugBank,drug
4253,15470,Conivaptan,DB00872,DrugBank,drug
4254,15471,Granisetron,DB00889,DrugBank,drug
4255,15472,Tiagabine,DB00906,DrugBank,drug
4256,15473,Tinidazole,DB00911,DrugBank,drug
4257,15474,Fulvestrant,DB00947,DrugBank,drug
4258,15475,Felbamate,DB00949,DrugBank,drug
4259,15476,Dirithromycin,DB00954,DrugBank,drug
4260,15477,Ezetimibe,DB00973,DrugBank,drug
4261,15478,Telithromycin,DB00976,DrugBank,drug
4262,15479,Salbutamol,DB01001,DrugBank,drug
4263,15480,Guanfacine,DB01018,DrugBank,drug
4264,15481,Topotecan,DB01030,DrugBank,drug
4265,15482,Ergoloid mesylate,DB01049,DrugBank,drug
4266,15483,Pilocarpine,DB01085,DrugBank,drug
4267,15484,Sibutramine,DB01105,DrugBank,drug
4268,15485,Atovaquone,DB01117,DrugBank,drug
4269,15486,Prednicarbate,DB01130,DrugBank,drug
4270,15487,Desoxycorticosterone pivalate,DB01134,DrugBank,drug
4271,15488,Candicidin,DB01152,DrugBank,drug
4272,15489,Thiamylal,DB01154,DrugBank,drug
4273,15490,Pergolide,DB01186,DrugBank,drug
4274,15491,Brinzolamide,DB01194,DrugBank,drug
4275,15492,Estramustine,DB01196,DrugBank,drug
4276,15493,Bromocriptine,DB01200,DrugBank,drug
4277,15494,Rifapentine,DB01201,DrugBank,drug
4278,15495,Estazolam,DB01215,DrugBank,drug
4279,15496,Rifaximin,DB01220,DrugBank,drug
4280,15497,Levacetylmethadol,DB01227,DrugBank,drug
4281,15498,Ergometrine,DB01253,DrugBank,drug
4282,15499,Retapamulin,DB01256,DrugBank,drug
4283,15500,Desonide,DB01260,DrugBank,drug
4284,15501,Sitagliptin,DB01261,DrugBank,drug
4285,15502,Posaconazole,DB01263,DrugBank,drug
4286,15503,Fosamprenavir,DB01319,DrugBank,drug
4287,15504,Cefradine,DB01333,DrugBank,drug
4288,15505,Tasosartan,DB01349,DrugBank,drug
4289,15506,Aprobarbital,DB01352,DrugBank,drug
4290,15507,Mestranol,DB01357,DrugBank,drug
4291,15508,Quinupristin,DB01369,DrugBank,drug
4292,15509,Ginkgo biloba,DB01381,DrugBank,drug
4293,15510,Bezafibrate,DB01393,DrugBank,drug
4294,15511,Pranlukast,DB01411,DrugBank,drug
4295,15512,5-androstenedione,DB01456,DrugBank,drug
4296,15513,Barbital,DB01483,DrugBank,drug
4297,15514,Androstenedione,DB01536,DrugBank,drug
4298,15515,Flunitrazepam,DB01544,DrugBank,drug
4299,15516,Clotiazepam,DB01559,DrugBank,drug
4300,15517,Prazepam,DB01588,DrugBank,drug
4301,15518,Quazepam,DB01589,DrugBank,drug
4302,15519,Nitrazepam,DB01595,DrugBank,drug
4303,15520,Roflumilast,DB01656,DrugBank,drug
4304,15521,Rutin,DB01698,DrugBank,drug
4305,15522,Dalfopristin,DB01764,DrugBank,drug
4306,15523,Epothilone D,DB01873,DrugBank,drug
4307,15524,Equilin,DB02187,DrugBank,drug
4308,15525,Pregnenolone,DB02789,DrugBank,drug
4309,15526,Patupilone,DB03010,DrugBank,drug
4310,15527,Equilenin,DB03515,DrugBank,drug
4311,15528,Vanoxerine,DB03701,DrugBank,drug
4312,15529,6-Deoxyerythronolide B,DB04070,DrugBank,drug
4313,15530,Corticosterone,DB04652,DrugBank,drug
4314,15531,Nimesulide,DB04743,DrugBank,drug
4315,15532,Metamizole,DB04817,DrugBank,drug
4316,15533,Prenylamine,DB04825,DrugBank,drug
4317,15534,Zimelidine,DB04832,DrugBank,drug
4318,15535,Methaqualone,DB04833,DrugBank,drug
4319,15536,Maraviroc,DB04835,DrugBank,drug
4320,15537,Cyclandelate,DB04838,DrugBank,drug
4321,15538,Fluspirilene,DB04842,DrugBank,drug
4322,15539,Ixabepilone,DB04845,DrugBank,drug
4323,15540,Calanolide A,DB04886,DrugBank,drug
4324,15541,Vapreotide,DB04894,DrugBank,drug
4325,15542,Milnacipran,DB04896,DrugBank,drug
4326,15543,Flibanserin,DB04908,DrugBank,drug
4327,15544,Rifalazil,DB04934,DrugBank,drug
4328,15545,Banoxantrone,DB04975,DrugBank,drug
4329,15546,Indacaterol,DB05039,DrugBank,drug
4330,15547,Pretomanid,DB05154,DrugBank,drug
4331,15548,HE3286,DB05212,DrugBank,drug
4332,15549,Dexlansoprazole,DB05351,DrugBank,drug
4333,15550,7-ethyl-10-hydroxycamptothecin,DB05482,DrugBank,drug
4334,15551,Brivaracetam,DB05541,DrugBank,drug
4335,15552,GPI-1485,DB05814,DrugBank,drug
4336,15553,Seletracetam,DB05885,DrugBank,drug
4337,15554,KOS-1584,DB05903,DrugBank,drug
4338,15555,Rimonabant,DB06155,DrugBank,drug
4339,15556,Noscapine,DB06174,DrugBank,drug
4340,15557,Silodosin,DB06207,DrugBank,drug
4341,15558,Tolvaptan,DB06212,DrugBank,drug
4342,15559,Lacosamide,DB06218,DrugBank,drug
4343,15560,Ridaforolimus,DB06233,DrugBank,drug
4344,15561,Avanafil,DB06237,DrugBank,drug
4345,15562,Sitaxentan,DB06268,DrugBank,drug
4346,15563,Tocilizumab,DB06273,DrugBank,drug
4347,15564,AVE9633,DB06318,DrugBank,drug
4348,15565,Coltuximab ravtansine,DB06342,DrugBank,drug
4349,15566,Etravirine,DB06414,DrugBank,drug
4350,15567,Dotarizine,DB06446,DrugBank,drug
4351,15568,Remacemide,DB06458,DrugBank,drug
4352,15569,Lestaurtinib,DB06469,DrugBank,drug
4353,15570,Clomethiazole,DB06470,DrugBank,drug
4354,15571,Mitemcinal,DB06587,DrugBank,drug
4355,15572,Bosutinib,DB06616,DrugBank,drug
4356,15573,Isavuconazonium,DB06636,DrugBank,drug
4357,15574,Pasireotide,DB06663,DrugBank,drug
4358,15575,Odanacatib,DB06670,DrugBank,drug
4359,15576,Laquinimod,DB06685,DrugBank,drug
4360,15577,Nilvadipine,DB06712,DrugBank,drug
4361,15578,Fosaprepitant,DB06717,DrugBank,drug
4362,15579,Ambroxol,DB06742,DrugBank,drug
4363,15580,Pinacidil,DB06762,DrugBank,drug
4364,15581,Desoxycorticosterone acetate,DB06780,DrugBank,drug
4365,15582,Difluprednate,DB06781,DrugBank,drug
4366,15583,Halcinonide,DB06786,DrugBank,drug
4367,15584,Lanreotide,DB06791,DrugBank,drug
4368,15585,Brefeldin A,DB07348,DrugBank,drug
4369,15586,Tranilast,DB07615,DrugBank,drug
4370,15587,Parecoxib,DB08439,DrugBank,drug
4371,15588,Capravirine,DB08502,DrugBank,drug
4372,15589,Tofisopam,DB08811,DrugBank,drug
4373,15590,Lurasidone,DB08815,DrugBank,drug
4374,15591,Lomitapide,DB08827,DrugBank,drug
4375,15592,Taurochenodeoxycholic acid,DB08833,DrugBank,drug
4376,15593,Agmatine,DB08838,DrugBank,drug
4377,15594,Brentuximab vedotin,DB08870,DrugBank,drug
4378,15595,Fidaxomicin,DB08874,DrugBank,drug
4379,15596,Cabozantinib,DB08875,DrugBank,drug
4380,15597,Ruxolitinib,DB08877,DrugBank,drug
4381,15598,Linagliptin,DB08882,DrugBank,drug
4382,15599,Regorafenib,DB08896,DrugBank,drug
4383,15600,Bedaquiline,DB08903,DrugBank,drug
4384,15601,Formestane,DB08905,DrugBank,drug
4385,15602,Trametinib,DB08911,DrugBank,drug
4386,15603,Dabrafenib,DB08912,DrugBank,drug
4387,15604,Luliconazole,DB08933,DrugBank,drug
4388,15605,Indalpine,DB08953,DrugBank,drug
4389,15606,Fendiline,DB08980,DrugBank,drug
4390,15607,Eperisone,DB08992,DrugBank,drug
4391,15608,Brotizolam,DB09017,DrugBank,drug
4392,15609,Aliskiren,DB09026,DrugBank,drug
4393,15610,Vorapaxar,DB09030,DrugBank,drug
4394,15611,Suvorexant,DB09034,DrugBank,drug
4395,15612,Siltuximab,DB09036,DrugBank,drug
4396,15613,Ceritinib,DB09063,DrugBank,drug
4397,15614,Vilanterol,DB09082,DrugBank,drug
4398,15615,Ivabradine,DB09083,DrugBank,drug
4399,15616,Trimebutine,DB09089,DrugBank,drug
4400,15617,Pinaverium,DB09090,DrugBank,drug
4401,15618,Somatostatin,DB09099,DrugBank,drug
4402,15619,Elvitegravir,DB09101,DrugBank,drug
4403,15620,Eslicarbazepine acetate,DB09119,DrugBank,drug
4404,15621,Dienogest,DB09123,DrugBank,drug
4405,15622,Sonidegib,DB09143,DrugBank,drug
4406,15623,Etizolam,DB09166,DrugBank,drug
4407,15624,Netoglitazone,DB09199,DrugBank,drug
4408,15625,Rivoglitazone,DB09200,DrugBank,drug
4409,15626,Ciglitazone,DB09201,DrugBank,drug
4410,15627,Tolfenamic acid,DB09216,DrugBank,drug
4411,15628,Barnidipine,DB09227,DrugBank,drug
4412,15629,Azelnidipine,DB09230,DrugBank,drug
4413,15630,Cilnidipine,DB09232,DrugBank,drug
4414,15631,Darodipine,DB09234,DrugBank,drug
4415,15632,Efonidipine,DB09235,DrugBank,drug
4416,15633,Niguldipine,DB09239,DrugBank,drug
4417,15634,Niludipine,DB09240,DrugBank,drug
4418,15635,Tianeptine,DB09289,DrugBank,drug
4419,15636,Solithromycin,DB09308,DrugBank,drug
4420,15637,Kitasamycin,DB09309,DrugBank,drug
4421,15638,Norethynodrel,DB09371,DrugBank,drug
4422,15639,Fluprednisolone,DB09378,DrugBank,drug
4423,15640,Dihydroergocornine,DB11273,DrugBank,drug
4424,15641,Dihydro-alpha-ergocryptine,DB11274,DrugBank,drug
4425,15642,Selexipag,DB11362,DrugBank,drug
4426,15643,Carbomycin,DB11383,DrugBank,drug
4427,15644,Doramectin,DB11400,DrugBank,drug
4428,15645,Eprinomectin,DB11405,DrugBank,drug
4429,15646,Oleandomycin,DB11442,DrugBank,drug
4430,15647,Selamectin,DB11459,DrugBank,drug
4431,15648,Tildipirosin,DB11470,DrugBank,drug
4432,15649,Tilmicosin,DB11471,DrugBank,drug
4433,15650,Tylosin,DB11475,DrugBank,drug
4434,15651,Melengestrol,DB11529,DrugBank,drug
4435,15652,Tylvalosin,DB11554,DrugBank,drug
4436,15653,Lesinurad,DB11560,DrugBank,drug
4437,15654,Venetoclax,DB11581,DrugBank,drug
4438,15655,Velpatasvir,DB11613,DrugBank,drug
4439,15656,Gestrinone,DB11619,DrugBank,drug
4440,15657,Tocofersolan,DB11635,DrugBank,drug
4441,15658,Nomegestrol,DB11636,DrugBank,drug
4442,15659,Ribociclib,DB11730,DrugBank,drug
4443,15660,Ebastine,DB11742,DrugBank,drug
4444,15661,Bryostatin 1,DB11752,DrugBank,drug
4445,15662,Sarilumab,DB11767,DrugBank,drug
4446,15663,Danoprevir,DB11779,DrugBank,drug
4447,15664,Bictegravir,DB11799,DrugBank,drug
4448,15665,Saracatinib,DB11805,DrugBank,drug
4449,15666,Baricitinib,DB11817,DrugBank,drug
4450,15667,Esketamine,DB11823,DrugBank,drug
4451,15668,Apalutamide,DB11901,DrugBank,drug
4452,15669,6-O-benzylguanine,DB11919,DrugBank,drug
4453,15670,Selinexor,DB11942,DrugBank,drug
4454,15671,Duvelisib,DB11952,DrugBank,drug
4455,15672,Carboxyamidotriazole,DB11960,DrugBank,drug
4456,15673,Entrectinib,DB11986,DrugBank,drug
4457,15674,Fostamatinib,DB12010,DrugBank,drug
4458,15675,Alpelisib,DB12015,DrugBank,drug
4459,15676,Lorvotuzumab mertansine,DB12089,DrugBank,drug
4460,15677,Naftopidil,DB12092,DrugBank,drug
4461,15678,Tetrahydropalmatine,DB12093,DrugBank,drug
4462,15679,Vinpocetine,DB12131,DrugBank,drug
4463,15680,Erdafitinib,DB12147,DrugBank,drug
4464,15681,Polatuzumab vedotin,DB12240,DrugBank,drug
4465,15682,Epofolate,DB12266,DrugBank,drug
4466,15683,Brigatinib,DB12267,DrugBank,drug
4467,15684,Propiverine,DB12278,DrugBank,drug
4468,15685,Siponimod,DB12371,DrugBank,drug
4469,15686,Sagopilone,DB12391,DrugBank,drug
4470,15687,Rimegepant,DB12457,DrugBank,drug
4471,15688,Lynestrenol,DB12474,DrugBank,drug
4472,15689,Mirvetuximab Soravtansine,DB12489,DrugBank,drug
4473,15690,9-aminocamptothecin,DB12515,DrugBank,drug
4474,15691,Oxetacaine,DB12532,DrugBank,drug
4475,15692,Benzodiazepine,DB12537,DrugBank,drug
4476,15693,Piperine,DB12582,DrugBank,drug
4477,15694,"3,5-diiodothyropropionic acid",DB12629,DrugBank,drug
4478,15695,Balaglitazone,DB12781,DrugBank,drug
4480,15697,Lefamulin,DB12825,DrugBank,drug
4481,15698,Tazemetostat,DB12887,DrugBank,drug
4482,15699,Gallopamil,DB12923,DrugBank,drug
4483,15700,Methylprednisone,DB12952,DrugBank,drug
4484,15701,Enfortumab vedotin,DB13007,DrugBank,drug
4485,15702,Macimorelin,DB13074,DrugBank,drug
4486,15703,Clobetasone,DB13158,DrugBank,drug
4487,15704,Miocamycin,DB13287,DrugBank,drug
4488,15705,Flurithromycin,DB13338,DrugBank,drug
4489,15706,Dihydroergocristine,DB13345,DrugBank,drug
4490,15707,Diphenadione,DB13347,DrugBank,drug
4491,15708,Dihydroergocryptine,DB13385,DrugBank,drug
4492,15709,Terguride,DB13399,DrugBank,drug
4493,15710,Rokitamycin,DB13409,DrugBank,drug
4494,15711,Midecamycin,DB13456,DrugBank,drug
4495,15712,Bencyclane,DB13488,DrugBank,drug
4496,15713,Otilonium,DB13500,DrugBank,drug
4497,15714,Chlormadinone,DB13528,DrugBank,drug
4498,15715,Promegestone,DB13602,DrugBank,drug
4499,15716,Mepartricin,DB13633,DrugBank,drug
4500,15717,Quingestanol,DB13685,DrugBank,drug
4501,15718,Terodiline,DB13725,DrugBank,drug
4502,15719,Bioallethrin,DB13746,DrugBank,drug
4503,15720,Lidoflazine,DB13766,DrugBank,drug
4504,15721,Penfluridol,DB13791,DrugBank,drug
4505,15722,Caroverine,DB13835,DrugBank,drug
4506,15723,Demegestone,DB13857,DrugBank,drug
4507,15724,Etynodiol,DB13866,DrugBank,drug
4508,15725,Glecaprevir,DB13879,DrugBank,drug
4509,15726,Piperaquine,DB13941,DrugBank,drug
4510,15727,WIN 55212-2,DB13950,DrugBank,drug
4511,15728,Fish oil,DB13961,DrugBank,drug
4512,15729,Nomegestrol acetate,DB13981,DrugBank,drug
4513,15730,Baloxavir marboxil,DB13997,DrugBank,drug
4514,15731,Fosnetupitant,DB14019,DrugBank,drug
4515,15732,(S)-Warfarin,DB14055,DrugBank,drug
4516,15733,Dexverapamil,DB14063,DrugBank,drug
4517,15734,Emopamil,DB14064,DrugBank,drug
4518,15735,Lomerizine,DB14065,DrugBank,drug
4519,15736,Tetrandrine,DB14066,DrugBank,drug
4520,15737,Dexniguldipine,DB14068,DrugBank,drug
4521,15738,Echinacea,DB14240,DrugBank,drug
4522,15739,Ivosidenib,DB14568,DrugBank,drug
4523,15740,Hydroxyprogesterone,DB14570,DrugBank,drug
4524,15741,Eslicarbazepine,DB14575,DrugBank,drug
4525,15742,Segesterone acetate,DB14583,DrugBank,drug
4527,15744,Norethindrone enanthate,DB14678,DrugBank,drug
4528,15745,Larotrectinib,DB14723,DrugBank,drug
4529,15746,Vibegron,DB14895,DrugBank,drug
4530,15747,Voxelotor,DB14975,DrugBank,drug
4531,15748,Zanubrutinib,DB15035,DrugBank,drug
4532,15749,Pemigatinib,DB15102,DrugBank,drug
4533,15750,Avapritinib,DB15233,DrugBank,drug
4535,15752,Selpercatinib,DB15685,DrugBank,drug
4536,15753,Miglitol,DB00491,DrugBank,drug
4544,15761,Oseltamivir,DB00198,DrugBank,drug
4545,15762,Trandolapril,DB00519,DrugBank,drug
4546,15763,Benzocaine,DB01086,DrugBank,drug
4547,15764,Mevastatin,DB06693,DrugBank,drug
4548,15765,Phenylacetic acid,DB09269,DrugBank,drug
4549,15766,Propoxycaine,DB09342,DrugBank,drug
4550,15767,Homatropine,DB11181,DrugBank,drug
4551,15768,Filgotinib,DB14845,DrugBank,drug
4552,15769,Valsartan,DB00177,DrugBank,drug
4553,15770,Glimepiride,DB00222,DrugBank,drug
4554,15771,Sulfisoxazole,DB00263,DrugBank,drug
4555,15772,Tolcapone,DB00323,DrugBank,drug
4556,15773,Treprostinil,DB00374,DrugBank,drug
4557,15774,Ketorolac,DB00465,DrugBank,drug
4558,15775,Tenoxicam,DB00469,DrugBank,drug
4559,15776,Nabilone,DB00486,DrugBank,drug
4560,15777,Oxandrolone,DB00621,DrugBank,drug
4561,15778,Tolazamide,DB00839,DrugBank,drug
4562,15779,Dorzolamide,DB00869,DrugBank,drug
4563,15780,Sulfapyridine,DB00891,DrugBank,drug
4564,15781,Acetylsalicylic acid,DB00945,DrugBank,drug
4565,15782,Vigabatrin,DB01080,DrugBank,drug
4566,15783,Cyclizine,DB01176,DrugBank,drug
4567,15784,Gliquidone,DB01251,DrugBank,drug
4568,15785,Glisoxepide,DB01289,DrugBank,drug
4569,15786,Doconexent,DB03756,DrugBank,drug
4570,15787,Coumarin,DB04665,DrugBank,drug
4571,15788,Licofelone,DB04725,DrugBank,drug
4572,15789,Tienilic acid,DB04831,DrugBank,drug
4573,15790,Ximelagatran,DB04898,DrugBank,drug
4575,15792,Sulfadimethoxine,DB06150,DrugBank,drug
4576,15793,Lornoxicam,DB06725,DrugBank,drug
4577,15794,Aceclofenac,DB06736,DrugBank,drug
4578,15795,Sulfamoxole,DB08798,DrugBank,drug
4579,15796,Glibornuride,DB08962,DrugBank,drug
4580,15797,Olodaterol,DB09080,DrugBank,drug
4581,15798,Lifitegrast,DB11611,DrugBank,drug
4582,15799,Avatrombopag,DB11995,DrugBank,drug
4583,15800,Fluindione,DB13136,DrugBank,drug
4584,15801,Carbutamide,DB13406,DrugBank,drug
4585,15802,Metahexamide,DB13675,DrugBank,drug
4586,15803,Acetyl sulfisoxazole,DB14033,DrugBank,drug
4587,15804,Cladribine,DB00242,DrugBank,drug
4588,15805,Clofarabine,DB00631,DrugBank,drug
4590,15807,Troxacitabine,DB04961,DrugBank,drug
4591,15808,Pyrimethamine,DB00205,DrugBank,drug
4592,15809,Tazarotene,DB00799,DrugBank,drug
4593,15810,Beraprost,DB05229,DrugBank,drug
4594,15811,Ombitasvir,DB09296,DrugBank,drug
4595,15812,Opicapone,DB11632,DrugBank,drug
4596,15813,Lubiprostone,DB01046,DrugBank,drug
4599,15816,Loxoprofen,DB09212,DrugBank,drug
4600,15817,Adefovir dipivoxil,DB00718,DrugBank,drug
4601,15818,Memantine,DB01043,DrugBank,drug
4602,15819,Fomepizole,DB01213,DrugBank,drug
4603,15820,Enfuvirtide,DB00109,DrugBank,drug
4604,15821,Isosorbide dinitrate,DB00883,DrugBank,drug
4605,15822,Ursodeoxycholic acid,DB01586,DrugBank,drug
4608,15825,Tirapazamine,DB04858,DrugBank,drug
4609,15826,Dalfampridine,DB06637,DrugBank,drug
4610,15827,Aniline,DB06728,DrugBank,drug
4611,15828,Ellagic acid,DB08846,DrugBank,drug
4612,15829,Fingolimod,DB08868,DrugBank,drug
4615,15832,Carisoprodol,DB00395,DrugBank,drug
4616,15833,Methohexital,DB00474,DrugBank,drug
4617,15834,Thiopental,DB00599,DrugBank,drug
4618,15835,Methylphenobarbital,DB00849,DrugBank,drug
4619,15836,Telmisartan,DB00966,DrugBank,drug
4620,15837,Methsuximide,DB05246,DrugBank,drug
4621,15838,Benzbromarone,DB12319,DrugBank,drug
4622,15839,Dexrabeprazole,DB13762,DrugBank,drug
4623,15840,Digoxin,DB00390,DrugBank,drug
4624,15841,Glutethimide,DB01437,DrugBank,drug
4625,15842,Mycophenolic acid,DB01024,DrugBank,drug
4626,15843,Niflumic acid,DB04552,DrugBank,drug
4627,15844,Ezogabine,DB04953,DrugBank,drug
4628,15845,Gavestinel,DB06741,DrugBank,drug
4629,15846,Dolutegravir,DB08930,DrugBank,drug
4630,15847,Empagliflozin,DB09038,DrugBank,drug
4631,15848,Famciclovir,DB00426,DrugBank,drug
4632,15849,Brimonidine,DB00484,DrugBank,drug
4633,15850,Aminocaproic acid,DB00513,DrugBank,drug
4634,15851,N-methylnicotinamide,DB08840,DrugBank,drug
4636,15853,Abacavir,DB01048,DrugBank,drug
4637,15854,Adenine,DB00173,DrugBank,drug
4638,15855,Minoxidil,DB00350,DrugBank,drug
4639,15856,Naltrexone,DB00704,DrugBank,drug
4640,15857,Alvocidib,DB03496,DrugBank,drug
4641,15858,Migalastat,DB05018,DrugBank,drug
4642,15859,Raltegravir,DB06817,DrugBank,drug
4643,15860,Sodium aurothiomalate,DB09276,DrugBank,drug
4644,15861,Silibinin,DB09298,DrugBank,drug
4645,15862,Tecovirimat,DB12020,DrugBank,drug
4646,15863,Sacituzumab govitecan,DB12893,DrugBank,drug
4647,15864,Pibrentasvir,DB13878,DrugBank,drug
4649,15866,Nitroprusside,DB00325,DrugBank,drug
4650,15867,Mebendazole,DB00643,DrugBank,drug
4651,15868,Isoprenaline,DB01064,DrugBank,drug
4652,15869,Clenbuterol,DB01407,DrugBank,drug
4653,15870,Amifostine,DB01143,DrugBank,drug
4654,15871,Phencyclidine,DB03575,DrugBank,drug
4655,15872,Permethrin,DB04930,DrugBank,drug
4656,15873,Artemisinin,DB13132,DrugBank,drug
4657,15874,Ritodrine,DB00867,DrugBank,drug
4658,15875,Amifampridine,DB11640,DrugBank,drug
4659,15876,Mesalazine,DB00244,DrugBank,drug
4660,15877,Cyproheptadine,DB00434,DrugBank,drug
4661,15878,Mitiglinide,DB01252,DrugBank,drug
4662,15879,Nalmefene,DB06230,DrugBank,drug
4663,15880,Naldemedine,DB11691,DrugBank,drug
4664,15881,Bazedoxifene,DB06401,DrugBank,drug
4665,15882,Acemetacin,DB13783,DrugBank,drug
4666,15883,Florbetaben (18F),DB09148,DrugBank,drug
4667,15884,Desirudin,DB11095,DrugBank,drug
4668,15885,Inositol nicotinate,DB08949,DrugBank,drug
4669,15886,Sodium fluoride,DB09325,DrugBank,drug
4670,15887,Certolizumab pegol,DB08904,DrugBank,drug
4671,15888,Thiosulfuric acid,DB09499,DrugBank,drug
4672,15889,Tenofovir disoproxil,DB00300,DrugBank,drug
4673,15890,Tinzaparin,DB06822,DrugBank,drug
4674,15891,Deferiprone,DB08826,DrugBank,drug
4675,15892,Ferric maltol,DB15598,DrugBank,drug
4676,15893,Bleomycin,DB00290,DrugBank,drug
4678,15895,Mirodenafil,DB11792,DrugBank,drug
4679,15896,Foretinib,DB12307,DrugBank,drug
4681,15898,Betahistine,DB06698,DrugBank,drug
4682,15899,Rauwolfia serpentina root,DB09363,DrugBank,drug
4684,15901,Evolocumab,DB09303,DrugBank,drug
4686,15903,Von Willebrand Factor Human,DB13133,DrugBank,drug
4687,15904,Pizotifen,DB06153,DrugBank,drug
4691,15908,Glutamic acid,DB00142,DrugBank,drug
4696,15913,Citrulline,DB00155,DrugBank,drug
4697,15914,Minocycline,DB01017,DrugBank,drug
4702,15919,7-Nitroindazole,DB02207,DrugBank,drug
4703,15920,S-Ethylisothiourea,DB02234,DrugBank,drug
4715,15932,Pimagedine,DB05383,DrugBank,drug
4734,15951,Xanthinol,DB09092,DrugBank,drug
4737,15954,Tetrahydrofolic acid,DB00116,DrugBank,drug
4738,15955,5-methyltetrahydrofolic acid,DB04789,DrugBank,drug
4739,15956,Dyphylline,DB00651,DrugBank,drug
4741,15958,Defibrotide,DB04932,DrugBank,drug
4745,15962,Rolofylline,DB12670,DrugBank,drug
4753,15970,Radotinib,DB12323,DrugBank,drug
4754,15971,Omalizumab,DB00043,DrugBank,drug
4755,15972,Benzylpenicilloyl polylysine,DB00895,DrugBank,drug
4756,15973,TNX-901,DB05797,DrugBank,drug
4757,15974,Drotrecogin alfa,DB00055,DrugBank,drug
4758,15975,Coagulation Factor IX (Recombinant),DB00100,DrugBank,drug
4759,15976,TB-402,DB06050,DrugBank,drug
4760,15977,Protein C,DB11312,DrugBank,drug
4762,15979,Coagulation Factor IX Human,DB13152,DrugBank,drug
4763,15980,Nonacog beta pegol,DB13933,DrugBank,drug
4764,15981,Damoctocog alfa pegol,DB14700,DrugBank,drug
4765,15982,Sulfasalazine,DB00795,DrugBank,drug
4766,15983,Carprofen,DB00821,DrugBank,drug
4767,15984,Oxaprozin,DB00991,DrugBank,drug
4768,15985,Balsalazide,DB01014,DrugBank,drug
4769,15986,Salsalate,DB01399,DrugBank,drug
4770,15987,Choline magnesium trisalicylate,DB01401,DrugBank,drug
4771,15988,Antrafenine,DB01419,DrugBank,drug
4772,15989,Tiaprofenic acid,DB01600,DrugBank,drug
4774,15991,Hyperforin,DB01892,DrugBank,drug
4782,15999,Nepafenac,DB06802,DrugBank,drug
4786,16003,Droxicam,DB09215,DrugBank,drug
4788,16005,Trolamine salicylate,DB11079,DrugBank,drug
4791,16008,Nitroaspirin,DB12445,DrugBank,drug
4792,16009,Bufexamac,DB13346,DrugBank,drug
4793,16010,Bendazac,DB13501,DrugBank,drug
4794,16011,Loxapine,DB00408,DrugBank,drug
4795,16012,Fenoldopam,DB00800,DrugBank,drug
4796,16013,Carphenazine,DB01038,DrugBank,drug
4797,16014,Chlorprothixene,DB01239,DrugBank,drug
4798,16015,Periciazine,DB01608,DrugBank,drug
4799,16016,Pipamperone,DB09286,DrugBank,drug
4800,16017,Dihydrexidine,DB12890,DrugBank,drug
4801,16018,Vatalanib,DB04879,DrugBank,drug
4805,16022,IMC-1C11,DB06101,DrugBank,drug
4806,16023,Collagenase clostridium histolyticum,DB00048,DrugBank,drug
4807,16024,Halofuginone,DB04866,DrugBank,drug
4808,16025,Clove oil,DB11338,DrugBank,drug
4811,16028,Eribulin,DB08871,DrugBank,drug
4813,16030,Phenethyl Isothiocyanate,DB12695,DrugBank,drug
4814,16031,Phenylalanine,DB00120,DrugBank,drug
4819,16036,Acetylcysteine,DB06151,DrugBank,drug
4823,16040,Chromic chloride,DB09129,DrugBank,drug
4828,16045,Cholecystokinin,DB08862,DrugBank,drug
4830,16047,Protein S human,DB13149,DrugBank,drug
4836,16053,Tezosentan,DB06558,DrugBank,drug
4837,16054,Trihexyphenidyl,DB00376,DrugBank,drug
4838,16055,Oxyphencyclimine,DB00383,DrugBank,drug
4839,16056,Procyclidine,DB00387,DrugBank,drug
4840,16057,Hyoscyamine,DB00424,DrugBank,drug
4841,16058,Methscopolamine bromide,DB00462,DrugBank,drug
4842,16059,Tridihexethyl,DB00505,DrugBank,drug
4843,16060,Anisotropine methylbromide,DB00517,DrugBank,drug
4844,16061,Atropine,DB00572,DrugBank,drug
4845,16062,Homatropine methylbromide,DB00725,DrugBank,drug
4846,16063,Scopolamine,DB00747,DrugBank,drug
4847,16064,Benzquinamide,DB00767,DrugBank,drug
4848,16065,Tropicamide,DB00809,DrugBank,drug
4849,16066,Brompheniramine,DB00835,DrugBank,drug
4850,16067,Glycopyrronium,DB00986,DrugBank,drug
4851,16068,Bethanechol,DB01019,DrugBank,drug
4852,16069,Mivacurium,DB01226,DrugBank,drug
4853,16070,Diphenidol,DB01231,DrugBank,drug
4854,16071,Isopropamide,DB01625,DrugBank,drug
4855,16072,Acetylcholine,DB03128,DrugBank,drug
4856,16073,Arecoline,DB04365,DrugBank,drug
4857,16074,Mepenzolate,DB04843,DrugBank,drug
4859,16076,Methacholine,DB06709,DrugBank,drug
4860,16077,Hexocyclium,DB06787,DrugBank,drug
4861,16078,Butylscopolamine,DB09300,DrugBank,drug
4862,16079,Thonzylamine,DB11235,DrugBank,drug
4863,16080,Rociverine,DB13581,DrugBank,drug
4864,16081,Diphemanil,DB13720,DrugBank,drug
4868,16085,Potassium chloride,DB00761,DrugBank,drug
4869,16086,Lepirudin,DB00001,DrugBank,drug
4887,16104,Human C1-esterase inhibitor,DB06404,DrugBank,drug
4962,16179,Turoctocog alfa,DB09109,DrugBank,drug
4963,16180,Conestat alfa,DB09228,DrugBank,drug
4964,16181,Antithrombin Alfa,DB11166,DrugBank,drug
4965,16182,Nafamostat,DB12598,DrugBank,drug
4966,16183,Aminolevulinic acid,DB00855,DrugBank,drug
4974,16191,Trilostane,DB01108,DrugBank,drug
4976,16193,Lindane,DB00431,DrugBank,drug
4978,16195,Glucosamine,DB01296,DrugBank,drug
4987,16204,SLV319,DB05077,DrugBank,drug
4991,16208,Tetrahydrocannabivarin,DB11755,DrugBank,drug
4992,16209,Olmesartan,DB00275,DrugBank,drug
4993,16210,Eprosartan,DB00876,DrugBank,drug
4994,16211,Forasartan,DB01342,DrugBank,drug
4995,16212,Saprisartan,DB01347,DrugBank,drug
4997,16214,Azilsartan medoxomil,DB08822,DrugBank,drug
4998,16215,Fimasartan,DB09279,DrugBank,drug
4999,16216,Angiotensin II,DB11842,DrugBank,drug
5001,16218,Carboprost tromethamine,DB00429,DrugBank,drug
5002,16219,Alprostadil,DB00770,DrugBank,drug
5003,16220,Dinoprostone,DB00917,DrugBank,drug
5004,16221,Misoprostol,DB00929,DrugBank,drug
5005,16222,Iloprost,DB01088,DrugBank,drug
5006,16223,Limaprost,DB09211,DrugBank,drug
5007,16224,Radicicol,DB03758,DrugBank,drug
5009,16226,Rituximab,DB00073,DrugBank,drug
5010,16227,Ibritumomab tiuxetan,DB00078,DrugBank,drug
5011,16228,Tositumomab,DB00081,DrugBank,drug
5012,16229,Ofatumumab,DB06650,DrugBank,drug
5013,16230,Obinutuzumab,DB08935,DrugBank,drug
5015,16232,Ocrelizumab,DB11988,DrugBank,drug
5017,16234,Formic acid,DB01942,DrugBank,drug
5036,16253,Caprylic acid,DB04519,DrugBank,drug
5047,16264,Ciprofibrate,DB09064,DrugBank,drug
5049,16266,Isoflavone,DB12007,DrugBank,drug
5051,16268,Fenofibric acid,DB13873,DrugBank,drug
5054,16271,Somatotropin,DB00052,DrugBank,drug
5055,16272,Somatrem,DB09098,DrugBank,drug
5059,16276,Adapalene,DB00210,DrugBank,drug
5067,16284,Phosphocreatine,DB13191,DrugBank,drug
5068,16285,Alemtuzumab,DB00087,DrugBank,drug
5070,16287,Renzapride,DB04917,DrugBank,drug
5071,16288,Naronapride,DB05542,DrugBank,drug
5073,16290,Ticalopride,DB06422,DrugBank,drug
5074,16291,Cinitapride,DB08810,DrugBank,drug
5076,16293,Protoporphyrin,DB02285,DrugBank,drug
5077,16294,Ferric pyrophosphate,DB09147,DrugBank,drug
5078,16295,Sodium ferric gluconate complex,DB09517,DrugBank,drug
5079,16296,Ferric pyrophosphate citrate,DB13995,DrugBank,drug
5084,16301,Amsacrine,DB00276,DrugBank,drug
5085,16302,Ibutilide,DB00308,DrugBank,drug
5086,16303,Terazosin,DB01162,DrugBank,drug
5088,16305,Potassium nitrate,DB11090,DrugBank,drug
5091,16308,Oxyphenonium,DB00219,DrugBank,drug
5092,16309,Buclizine,DB00354,DrugBank,drug
5093,16310,Gallamine triethiodide,DB00483,DrugBank,drug
5094,16311,Pirenzepine,DB00670,DrugBank,drug
5095,16312,Clidinium,DB00771,DrugBank,drug
5096,16313,Propantheline,DB00782,DrugBank,drug
5097,16314,Dicyclomine,DB00804,DrugBank,drug
5098,16315,Cycrimine,DB00942,DrugBank,drug
5099,16316,Flavoxate,DB01148,DrugBank,drug
5100,16317,Molindone,DB01618,DrugBank,drug
5102,16319,NGX267,DB05152,DrugBank,drug
5104,16321,Lasofoxifene,DB06202,DrugBank,drug
5105,16322,Levocarnitine,DB00583,DrugBank,drug
5106,16323,Nedocromil,DB00716,DrugBank,drug
5112,16329,Technetium Tc-99m arcitumomab,DB00113,DrugBank,drug
5114,16331,Epoprostenol,DB01240,DrugBank,drug
5117,16334,Cangrelor,DB06441,DrugBank,drug
5120,16337,Tolazoline,DB00797,DrugBank,drug
5122,16339,Metiamide,DB08805,DrugBank,drug
5123,16340,Roxatidine acetate,DB08806,DrugBank,drug
5124,16341,Iron,DB01592,DrugBank,drug
5127,16344,Ferrous gluconate,DB14488,DrugBank,drug
5128,16345,Ferrous succinate,DB14489,DrugBank,drug
5129,16346,Ferrous ascorbate,DB14490,DrugBank,drug
5130,16347,Ferrous fumarate,DB14491,DrugBank,drug
5133,16350,Citric acid,DB04272,DrugBank,drug
5135,16352,Norepinephrine,DB00368,DrugBank,drug
5136,16353,Mazindol,DB00579,DrugBank,drug
5137,16354,Deserpidine,DB01089,DrugBank,drug
5138,16355,Ephedra sinica root,DB01363,DrugBank,drug
5139,16356,MMDA,DB01442,DrugBank,drug
5140,16357,Isometheptene,DB06706,DrugBank,drug
5142,16359,Serotonin,DB08839,DrugBank,drug
5143,16360,Probucol,DB01599,DrugBank,drug
5146,16363,Dienestrol,DB00890,DrugBank,drug
5147,16364,Oxybenzone,DB01428,DrugBank,drug
5148,16365,Allylestrenol,DB01431,DrugBank,drug
5149,16366,Benzophenone,DB01878,DrugBank,drug
5153,16370,Naringenin,DB03467,DrugBank,drug
5156,16373,Afimoxifene,DB04468,DrugBank,drug
5158,16375,Estriol,DB04573,DrugBank,drug
5159,16376,Quinestrol,DB04575,DrugBank,drug
5160,16377,Phenolphthalein,DB04824,DrugBank,drug
5180,16397,Hexestrol,DB07931,DrugBank,drug
5193,16410,Polyestradiol phosphate,DB09369,DrugBank,drug
5197,16414,Zeranol,DB11478,DrugBank,drug
5198,16415,Ractopamine,DB11541,DrugBank,drug
5203,16420,Epitestosterone,DB07768,DrugBank,drug
5204,16421,Fludiazepam,DB01567,DrugBank,drug
5211,16428,Efaproxiral,DB08486,DrugBank,drug
5213,16430,Nitrous acid,DB09112,DrugBank,drug
5214,16431,Ferric derisomaltose,DB15617,DrugBank,drug
5215,16432,Formebolone,DB01569,DrugBank,drug
5216,16433,Nandrolone phenpropionate,DB00984,DrugBank,drug
5217,16434,Acetophenazine,DB01063,DrugBank,drug
5218,16435,1-Testosterone,DB01481,DrugBank,drug
5219,16436,Boldenone,DB01541,DrugBank,drug
5220,16437,Calusterone,DB01564,DrugBank,drug
5226,16443,Stanozolol,DB06718,DrugBank,drug
5243,16460,Mibolerone,DB11429,DrugBank,drug
5244,16461,Phenothiazine,DB11447,DrugBank,drug
5248,16465,Guanidine,DB00536,DrugBank,drug
5249,16466,Daidzin,DB02115,DrugBank,drug
5251,16468,Goserelin,DB00014,DrugBank,drug
5258,16475,Phenacemide,DB01121,DrugBank,drug
5259,16476,Phenazopyridine,DB01438,DrugBank,drug
5260,16477,Tetrodotoxin,DB05232,DrugBank,drug
5263,16480,Depatuxizumab mafodotin,DB11731,DrugBank,drug
5273,16490,Pheniramine,DB01620,DrugBank,drug
5276,16493,Tandutinib,DB05465,DrugBank,drug
5289,16506,Pentazocine,DB00652,DrugBank,drug
5290,16507,Dimethyltryptamine,DB01488,DrugBank,drug
5291,16508,Captodiame,DB09014,DrugBank,drug
5293,16510,Bevacizumab,DB00112,DrugBank,drug
5294,16511,Ranibizumab,DB01270,DrugBank,drug
5295,16512,Pegaptanib,DB04895,DrugBank,drug
5302,16519,Brolucizumab,DB14864,DrugBank,drug
5304,16521,Vasopressin,DB00067,DrugBank,drug
5305,16522,Felypressin,DB00093,DrugBank,drug
5306,16523,Terlipressin,DB02638,DrugBank,drug
5308,16525,Atosiban,DB09059,DrugBank,drug
5309,16526,Relcovaptan,DB13929,DrugBank,drug
5310,16527,Lypressin,DB14642,DrugBank,drug
5312,16529,Isoetharine,DB00221,DrugBank,drug
5313,16530,Arbutamine,DB01102,DrugBank,drug
5314,16531,Fenoterol,DB01288,DrugBank,drug
5315,16532,Pirbuterol,DB01291,DrugBank,drug
5316,16533,Spermidine,DB03566,DrugBank,drug
5319,16536,Racepinephrine,DB11124,DrugBank,drug
5320,16537,DL-Methylephedrine,DB11278,DrugBank,drug
5321,16538,Xamoterol,DB13781,DrugBank,drug
5324,16541,Thenoyltrifluoroacetone,DB04795,DrugBank,drug
5327,16544,Dyclonine,DB00645,DrugBank,drug
5328,16545,Proparacaine,DB00807,DrugBank,drug
5329,16546,Mepivacaine,DB00961,DrugBank,drug
5331,16548,Aluminum chloride,DB11081,DrugBank,drug
5333,16550,Dipyridamole,DB00975,DrugBank,drug
5337,16554,Exisulind,DB06246,DrugBank,drug
5338,16555,3-isobutyl-1-methyl-7H-xanthine,DB07954,DrugBank,drug
5340,16557,Epratuzumab,DB04958,DrugBank,drug
5341,16558,Inotuzumab ozogamicin,DB05889,DrugBank,drug
5342,16559,Moxetumomab Pasudotox,DB12688,DrugBank,drug
5352,16569,Moricizine,DB00680,DrugBank,drug
5353,16570,Prilocaine,DB00750,DrugBank,drug
5355,16572,Leuprolide,DB00007,DrugBank,drug
5357,16574,Gonadorelin,DB00644,DrugBank,drug
5358,16575,Nafarelin,DB00666,DrugBank,drug
5361,16578,Degarelix,DB06699,DrugBank,drug
5363,16580,Histrelin,DB06788,DrugBank,drug
5364,16581,Triptorelin,DB06825,DrugBank,drug
5368,16585,Trapidil,DB09283,DrugBank,drug
5370,16587,Glymidine,DB01382,DrugBank,drug
5371,16588,Metformin,DB00331,DrugBank,drug
5372,16589,Alteplase,DB00009,DrugBank,drug
5373,16590,Reteplase,DB00015,DrugBank,drug
5374,16591,Anistreplase,DB00029,DrugBank,drug
5375,16592,Tenecteplase,DB00031,DrugBank,drug
5376,16593,Tranexamic acid,DB00302,DrugBank,drug
5378,16595,Desmoteplase,DB04925,DrugBank,drug
5417,16634,Coagulation factor VIIa Recombinant Human,DB00036,DrugBank,drug
5418,16635,Fondaparinux,DB00569,DrugBank,drug
5422,16639,Lanoteplase,DB06245,DrugBank,drug
5423,16640,Idraparinux,DB06406,DrugBank,drug
5425,16642,Otamixaban,DB06635,DrugBank,drug
5450,16667,Edoxaban,DB09075,DrugBank,drug
5452,16669,Bemiparin,DB09258,DrugBank,drug
5453,16670,Coagulation factor VII human,DB13150,DrugBank,drug
5454,16671,Emicizumab,DB13923,DrugBank,drug
5455,16672,Baclofen,DB00181,DrugBank,drug
5456,16673,Progabide,DB00837,DrugBank,drug
5461,16678,Arbaclofen Placarbil,DB08892,DrugBank,drug
5462,16679,Calcium,DB01373,DrugBank,drug
5465,16682,Tretazicar,DB04253,DrugBank,drug
5470,16687,Fosinopril,DB00492,DrugBank,drug
5471,16688,Candoxatril,DB00616,DrugBank,drug
5472,16689,Moexipril,DB00691,DrugBank,drug
5473,16690,Lisinopril,DB00722,DrugBank,drug
5474,16691,Omapatrilat,DB00886,DrugBank,drug
5475,16692,Rescinnamine,DB01180,DrugBank,drug
5476,16693,Cilazapril,DB01340,DrugBank,drug
5477,16694,Spirapril,DB01348,DrugBank,drug
5478,16695,Epicaptopril,DB02032,DrugBank,drug
5480,16697,Temocapril,DB08836,DrugBank,drug
5481,16698,Enalaprilat,DB09477,DrugBank,drug
5482,16699,Zofenopril,DB13166,DrugBank,drug
5483,16700,Cilazaprilat,DB15565,DrugBank,drug
5488,16705,Cyclothiazide,DB00606,DrugBank,drug
5498,16715,Fibrinolysin,DB05254,DrugBank,drug
5502,16719,Isosorbide,DB09401,DrugBank,drug
5504,16721,Navitoclax,DB12340,DrugBank,drug
5506,16723,Diacerein,DB11994,DrugBank,drug
5510,16727,Guanine,DB02377,DrugBank,drug
5512,16729,Peldesine,DB02568,DrugBank,drug
5524,16741,Azelaic acid,DB00548,DrugBank,drug
5530,16747,Lapachone,DB11948,DrugBank,drug
5535,16752,Taribavirin,DB06408,DrugBank,drug
5536,16753,Lenalidomide,DB00480,DrugBank,drug
5537,16754,Ginseng,DB01404,DrugBank,drug
5539,16756,Prostaglandin G2,DB03866,DrugBank,drug
5540,16757,Firocoxib,DB09217,DrugBank,drug
5541,16758,Alclofenac,DB13167,DrugBank,drug
5546,16763,Se-Ethyl-Isoselenourea,DB02589,DrugBank,drug
5569,16786,Sacubitril,DB09292,DrugBank,drug
5571,16788,Methyclothiazide,DB00232,DrugBank,drug
5572,16789,Ethoxzolamide,DB00311,DrugBank,drug
5573,16790,Methocarbamol,DB00423,DrugBank,drug
5574,16791,Benzthiazide,DB00562,DrugBank,drug
5575,16792,Methazolamide,DB00703,DrugBank,drug
5576,16793,Chlorothiazide,DB00880,DrugBank,drug
5578,16795,Diclofenamide,DB01144,DrugBank,drug
5579,16796,Quinethazone,DB01325,DrugBank,drug
5584,16801,Sodium sulfate,DB09472,DrugBank,drug
5585,16802,Aurothioglucose,DB09121,DrugBank,drug
5586,16803,Remikiren,DB00212,DrugBank,drug
5590,16807,Enalkiren,DB03395,DrugBank,drug
5601,16818,Vintafolide,DB05168,DrugBank,drug
5606,16823,Muromonab,DB00075,DrugBank,drug
5607,16824,Catumaxomab,DB06607,DrugBank,drug
5608,16825,Ardeparin,DB00407,DrugBank,drug
5611,16828,Sulodexide,DB06271,DrugBank,drug
5612,16829,Danaparoid,DB06754,DrugBank,drug
5613,16830,Nadroparin,DB08813,DrugBank,drug
5614,16831,Antithrombin III human,DB11598,DrugBank,drug
5625,16842,Pramipexole,DB00413,DrugBank,drug
5626,16843,Dipivefrin,DB00449,DrugBank,drug
5627,16844,Phentolamine,DB00692,DrugBank,drug
5628,16845,Phenoxybenzamine,DB00925,DrugBank,drug
5629,16846,Oxymetazoline,DB00935,DrugBank,drug
5630,16847,Apraclonidine,DB00964,DrugBank,drug
5633,16850,Flupirtine,DB06623,DrugBank,drug
5634,16851,Xylometazoline,DB06694,DrugBank,drug
5635,16852,Naphazoline,DB06711,DrugBank,drug
5636,16853,Moxonidine,DB09242,DrugBank,drug
5637,16854,Rilmenidine,DB11738,DrugBank,drug
5638,16855,Methylphenidate,DB00422,DrugBank,drug
5639,16856,Alverine,DB01616,DrugBank,drug
5640,16857,Bifeprunox,DB04888,DrugBank,drug
5644,16861,Naluzotan,DB05562,DrugBank,drug
5650,16867,Demeclocycline,DB00618,DrugBank,drug
5657,16874,Rocuronium,DB00728,DrugBank,drug
5658,16875,Cilansetron,DB04885,DrugBank,drug
5661,16878,Tropisetron,DB11699,DrugBank,drug
5666,16883,Tiratricol,DB03604,DrugBank,drug
5675,16892,Secretin human,DB09532,DrugBank,drug
5738,16955,Sulthiame,DB08329,DrugBank,drug
5745,16962,Raltitrexed,DB00293,DrugBank,drug
5755,16972,Fludarabine,DB01073,DrugBank,drug
5758,16975,Pentosan polysulfate,DB00686,DrugBank,drug
5760,16977,Carbenoxolone,DB02329,DrugBank,drug
5774,16991,Gentamicin,DB00798,DrugBank,drug
5783,17000,Piritrexim,DB03695,DrugBank,drug
5786,17003,Iclaprim,DB06358,DrugBank,drug
5795,17012,Triglu-5-formyl-tetrahydrofolate,DB02067,DrugBank,drug
5806,17023,Tafamidis,DB11644,DrugBank,drug
5811,17028,Ziconotide,DB06283,DrugBank,drug
5812,17029,Voclosporin,DB11693,DrugBank,drug
5813,17030,Alectinib,DB11363,DrugBank,drug
5820,17037,Ifenprodil,DB08954,DrugBank,drug
5823,17040,Cediranib,DB04849,DrugBank,drug
5825,17042,Ramucirumab,DB05578,DrugBank,drug
5845,17062,Butalbital,DB00241,DrugBank,drug
5846,17063,Talbutal,DB00306,DrugBank,drug
5847,17064,Meprobamate,DB00371,DrugBank,drug
5848,17065,Metharbital,DB00463,DrugBank,drug
5849,17066,Amobarbital,DB01351,DrugBank,drug
5850,17067,Butobarbital,DB01353,DrugBank,drug
5851,17068,Heptabarbital,DB01354,DrugBank,drug
5852,17069,"Dihydro-2-thioxo-5-((5-(2-(trifluoromethyl)phenyl)-2-furanyl)methyl)-4,6(1H,5H)-pyrimidinedione",DB01496,DrugBank,drug
5853,17070,Pagoclone,DB04903,DrugBank,drug
5859,17076,Brequinar,DB03523,DrugBank,drug
5886,17103,omega interferon,DB05472,DrugBank,drug
5887,17104,Follitropin,DB00066,DrugBank,drug
5889,17106,Corifollitropin alfa,DB09066,DrugBank,drug
5891,17108,Botulinum toxin type A,DB00083,DrugBank,drug
5892,17109,m-Hydroxyhippuric acid,DB07069,DrugBank,drug
5893,17110,PRX-08066,DB05607,DrugBank,drug
5894,17111,Alpha-1-proteinase inhibitor,DB00058,DrugBank,drug
5895,17112,Filgrastim,DB00099,DrugBank,drug
5898,17115,Aspartame,DB00168,DrugBank,drug
5900,17117,Tenocyclidine,DB01520,DrugBank,drug
5907,17124,Phylloquinone,DB01022,DrugBank,drug
5910,17127,Geneticin,DB04263,DrugBank,drug
5915,17132,Pentolinium,DB01090,DrugBank,drug
5917,17134,Lobeline,DB05137,DrugBank,drug
5919,17136,Diroximel fumarate,DB14783,DrugBank,drug
5928,17145,N-(6-Aminohexyl)-5-Chloro-1-Naphthalenesulfonamide,DB04513,DrugBank,drug
5930,17147,Calcium levulinate,DB13800,DrugBank,drug
5931,17148,Metolazone,DB00524,DrugBank,drug
5932,17149,Butorphanol,DB00611,DrugBank,drug
5933,17150,Nalbuphine,DB00844,DrugBank,drug
5934,17151,Levorphanol,DB00854,DrugBank,drug
5935,17152,Remifentanil,DB00899,DrugBank,drug
5936,17153,Diphenoxylate,DB01081,DrugBank,drug
5939,17156,Etorphine,DB01497,DrugBank,drug
5940,17157,Carfentanil,DB01535,DrugBank,drug
5941,17158,Diprenorphine,DB01548,DrugBank,drug
5942,17159,Dihydromorphine,DB01565,DrugBank,drug
5945,17162,Alvimopan,DB06274,DrugBank,drug
5947,17164,Pholcodine,DB09209,DrugBank,drug
5948,17165,Eluxadoline,DB09272,DrugBank,drug
5953,17170,Pyridostigmine,DB00545,DrugBank,drug
5954,17171,Pralidoxime,DB00733,DrugBank,drug
5955,17172,Demecarium,DB00944,DrugBank,drug
5956,17173,Physostigmine,DB00981,DrugBank,drug
5957,17174,Rivastigmine,DB00989,DrugBank,drug
5958,17175,Edrophonium,DB01010,DrugBank,drug
5978,17195,Huperzine A,DB04864,DrugBank,drug
5979,17196,Phenserine,DB04892,DrugBank,drug
5986,17203,Methylthioninium,DB08167,DrugBank,drug
5989,17206,Dimetacrine,DB08996,DrugBank,drug
5990,17207,Tyrothricin,DB13503,DrugBank,drug
5997,17214,Drotaverine,DB06751,DrugBank,drug
5998,17215,Salmon calcitonin,DB00017,DrugBank,drug
5999,17216,Pramlintide,DB01278,DrugBank,drug
6001,17218,Thiocolchicoside,DB11582,DrugBank,drug
6003,17220,Milrinone,DB00235,DrugBank,drug
6004,17221,Levosimendan,DB00922,DrugBank,drug
6005,17222,Amrinone,DB01427,DrugBank,drug
6006,17223,Enoximone,DB04880,DrugBank,drug
6007,17224,Ibudilast,DB05266,DrugBank,drug
6008,17225,Abciximab,DB00054,DrugBank,drug
6009,17226,Tirofiban,DB00775,DrugBank,drug
6010,17227,Lefradafiban,DB04863,DrugBank,drug
6012,17229,Cetirizine,DB00341,DrugBank,drug
6013,17230,Doxylamine,DB00366,DrugBank,drug
6014,17231,Dexbrompheniramine,DB00405,DrugBank,drug
6015,17232,Triprolidine,DB00427,DrugBank,drug
6016,17233,Carbinoxamine,DB00748,DrugBank,drug
6017,17234,Propiomazine,DB00777,DrugBank,drug
6018,17235,Methdilazine,DB00902,DrugBank,drug
6019,17236,Ketotifen,DB00920,DrugBank,drug
6020,17237,Desloratadine,DB00967,DrugBank,drug
6021,17238,Dimenhydrinate,DB00985,DrugBank,drug
6022,17239,Emedastine,DB01084,DrugBank,drug
6023,17240,Levocabastine,DB01106,DrugBank,drug
6024,17241,Diphenylpyraline,DB01146,DrugBank,drug
6026,17243,Alimemazine,DB01246,DrugBank,drug
6027,17244,Aceprometazine,DB01615,DrugBank,drug
6028,17245,Phenindamine,DB01619,DrugBank,drug
6029,17246,Clofedanol,DB04837,DrugBank,drug
6030,17247,Bepotastine,DB04890,DrugBank,drug
6034,17251,Alcaftadine,DB06766,DrugBank,drug
6035,17252,Antazoline,DB08799,DrugBank,drug
6036,17253,Chloropyramine,DB08800,DrugBank,drug
6037,17254,Dimetindene,DB08801,DrugBank,drug
6038,17255,Isothipendyl,DB08802,DrugBank,drug
6039,17256,Chlorcyclizine,DB08936,DrugBank,drug
6040,17257,Butriptyline,DB09016,DrugBank,drug
6041,17258,Acrivastine,DB09488,DrugBank,drug
6042,17259,Bilastine,DB11591,DrugBank,drug
6050,17267,"4-Bromo-2,5-dimethoxyphenethylamine",DB01537,DrugBank,drug
6051,17268,Aniracetam,DB04599,DrugBank,drug
6052,17269,APD791,DB05227,DrugBank,drug
6053,17270,Pimavanserin,DB05316,DrugBank,drug
6054,17271,BL-1020,DB05687,DrugBank,drug
6055,17272,YKP-1358,DB06109,DrugBank,drug
6056,17273,Amisulpride,DB06288,DrugBank,drug
6057,17274,Amperozide,DB08927,DrugBank,drug
6058,17275,Etoperidone,DB09194,DrugBank,drug
6059,17276,Sarpogrelate,DB12163,DrugBank,drug
6060,17277,Eplivanserin,DB12177,DrugBank,drug
6061,17278,Ketanserin,DB12465,DrugBank,drug
6063,17280,"2,5-Dimethoxy-4-ethylthioamphetamine",DB13940,DrugBank,drug
6064,17281,"N-(2-hydroxybenzyl)-2,5-dimethoxy-4-cyanophenylethylamine",DB13948,DrugBank,drug
6065,17282,Lutetium Lu 177 dotatate,DB13985,DrugBank,drug
6066,17283,Edotreotide gallium Ga-68,DB15494,DrugBank,drug
6068,17285,Ancestim,DB09103,DrugBank,drug
6083,17300,Nicorandil,DB09220,DrugBank,drug
6084,17301,Flumazenil,DB01205,DrugBank,drug
6085,17302,Dinoprost tromethamine,DB01160,DrugBank,drug
6087,17304,Guanadrel,DB00226,DrugBank,drug
6088,17305,Protriptyline,DB00344,DrugBank,drug
6089,17306,Phenmetrazine,DB00830,DrugBank,drug
6090,17307,Diethylpropion,DB00937,DrugBank,drug
6091,17308,Guanethidine,DB01170,DrugBank,drug
6092,17309,Phendimetrazine,DB01579,DrugBank,drug
6093,17310,Amineptine,DB04836,DrugBank,drug
6098,17315,Dexmethylphenidate,DB06701,DrugBank,drug
6101,17318,Solriamfetol,DB14754,DrugBank,drug
6102,17319,Papaverine,DB01113,DrugBank,drug
6104,17321,Piclamilast,DB01791,DrugBank,drug
6105,17322,Rolipram,DB01954,DrugBank,drug
6111,17328,Cilomilast,DB03849,DrugBank,drug
6115,17332,Thyrotropin alfa,DB00024,DrugBank,drug
6118,17335,Porfimer sodium,DB00707,DrugBank,drug
6119,17336,Dapiprazole,DB00298,DrugBank,drug
6120,17337,Droperidol,DB00450,DrugBank,drug
6121,17338,Metaraminol,DB00610,DrugBank,drug
6122,17339,Methoxamine,DB00723,DrugBank,drug
6124,17341,Tetryzoline,DB06764,DrugBank,drug
6125,17342,Indoramin,DB08950,DrugBank,drug
6126,17343,Cirazoline,DB09202,DrugBank,drug
6127,17344,Piretanide,DB02925,DrugBank,drug
6128,17345,Resorcinol,DB11085,DrugBank,drug
6130,17347,Neomycin,DB00994,DrugBank,drug
6134,17351,Trastuzumab,DB00072,DrugBank,drug
6135,17352,IGN311,DB04988,DrugBank,drug
6137,17354,AV-412,DB06021,DrugBank,drug
6138,17355,Pertuzumab,DB06366,DrugBank,drug
6139,17356,Afatinib,DB08916,DrugBank,drug
6140,17357,Tesevatinib,DB11973,DrugBank,drug
6141,17358,Margetuximab,DB14967,DrugBank,drug
6142,17359,Efalizumab,DB00095,DrugBank,drug
6143,17360,Antithymocyte immunoglobulin (rabbit),DB00098,DrugBank,drug
6154,17371,Atrasentan,DB06199,DrugBank,drug
6157,17374,Glucagon,DB00040,DrugBank,drug
6159,17376,Cefotaxime,DB00493,DrugBank,drug
6160,17377,Phenol,DB03255,DrugBank,drug
6163,17380,Patent Blue,DB13967,DrugBank,drug
6164,17381,m-Chlorophenylpiperazine,DB12110,DrugBank,drug
6166,17383,Ancrod,DB05099,DrugBank,drug
6172,17389,Erythrityl tetranitrate,DB01613,DrugBank,drug
6173,17390,Nesiritide,DB04899,DrugBank,drug
6174,17391,Ularitide,DB05034,DrugBank,drug
6178,17395,Cryptenamine,DB00785,DrugBank,drug
6179,17396,Metocurine,DB01336,DrugBank,drug
6180,17397,Rapacuronium,DB04834,DrugBank,drug
6181,17398,Anakinra,DB00026,DrugBank,drug
6186,17403,Capromab pendetide,DB00089,DrugBank,drug
6190,17407,Pravastatin,DB00175,DrugBank,drug
6196,17413,AS-8112,DB09207,DrugBank,drug
6197,17414,Piribedil,DB12478,DrugBank,drug
6198,17415,Tiapride,DB13025,DrugBank,drug
6200,17417,Natalizumab,DB00108,DrugBank,drug
6205,17422,Vedolizumab,DB09033,DrugBank,drug
6206,17423,Prostaglandin D2,DB02056,DrugBank,drug
6211,17428,Etidronic acid,DB01077,DrugBank,drug
6217,17434,Travoprost,DB00287,DrugBank,drug
6218,17435,Latanoprost,DB00654,DrugBank,drug
6219,17436,Latanoprostene bunod,DB11660,DrugBank,drug
6220,17437,Metyrosine,DB00765,DrugBank,drug
6275,17492,(4-{(2S)-2-[(tert-butoxycarbonyl)amino]-3-methoxy-3-oxopropyl}phenyl)methaneseleninic acid,DB08783,DrugBank,drug
6277,17494,Tesamorelin,DB08869,DrugBank,drug
6278,17495,Sargramostim,DB00020,DrugBank,drug
6286,17503,Dezocine,DB01209,DrugBank,drug
6291,17508,Methylnaltrexone,DB06800,DrugBank,drug
6304,17521,Bethanidine,DB00217,DrugBank,drug
6305,17522,Fencamfamin,DB01463,DrugBank,drug
6307,17524,Carmustine,DB00262,DrugBank,drug
6316,17533,Denileukin diftitox,DB00004,DrugBank,drug
6317,17534,Basiliximab,DB00074,DrugBank,drug
6318,17535,Daclizumab,DB00111,DrugBank,drug
6319,17536,Darbepoetin alfa,DB00012,DrugBank,drug
6320,17537,Erythropoietin,DB00016,DrugBank,drug
6321,17538,Dibromotyrosine,DB07637,DrugBank,drug
6322,17539,Peginesatide,DB08894,DrugBank,drug
6323,17540,Methoxy polyethylene glycol-epoetin beta,DB09107,DrugBank,drug
6328,17545,Gemtuzumab ozogamicin,DB00056,DrugBank,drug
6335,17552,Equol,DB11674,DrugBank,drug
6341,17558,Pregabalin,DB00230,DrugBank,drug
6342,17559,Gabapentin enacarbil,DB08872,DrugBank,drug
6343,17560,Orciprenaline,DB00816,DrugBank,drug
6344,17561,Bitolterol,DB00901,DrugBank,drug
6345,17562,Procaterol,DB01366,DrugBank,drug
6348,17565,Protokylol,DB06814,DrugBank,drug
6350,17567,Etafedrine,DB11587,DrugBank,drug
6351,17568,Tulobuterol,DB12248,DrugBank,drug
6366,17583,Etanercept,DB00005,DrugBank,drug
6367,17584,Adalimumab,DB00051,DrugBank,drug
6368,17585,Infliximab,DB00065,DrugBank,drug
6369,17586,Afelimomab,DB04956,DrugBank,drug
6377,17594,Andrographolide,DB05767,DrugBank,drug
6384,17601,Golimumab,DB06674,DrugBank,drug
6388,17605,Cetuximab,DB00002,DrugBank,drug
6389,17606,Human immunoglobulin G,DB00028,DrugBank,drug
6390,17607,Palivizumab,DB00110,DrugBank,drug
6391,17608,Phenindione,DB00498,DrugBank,drug
6395,17612,Alefacept,DB00092,DrugBank,drug
6396,17613,Siplizumab,DB06371,DrugBank,drug
6402,17619,Selenazole-4-carboxyamide-adenine dinucleotide,DB03070,DrugBank,drug
6407,17624,Acetyldigitoxin,DB00511,DrugBank,drug
6408,17625,Deslanoside,DB01078,DrugBank,drug
6409,17626,Ouabain,DB01092,DrugBank,drug
6410,17627,Bretylium,DB01158,DrugBank,drug
6412,17629,Potassium cation,DB01345,DrugBank,drug
6413,17630,Magnesium cation,DB01378,DrugBank,drug
6416,17633,Magnesium acetate,DB13996,DrugBank,drug
6417,17634,Potassium acetate,DB14498,DrugBank,drug
6418,17635,Potassium sulfate,DB14499,DrugBank,drug
6419,17636,Potassium,DB14500,DrugBank,drug
6420,17637,Magnesium levulinate,DB14514,DrugBank,drug
6421,17638,Magnesium lactate,DB14515,DrugBank,drug
6428,17645,Metocurine iodide,DB00416,DrugBank,drug
6429,17646,Cisatracurium,DB00565,DrugBank,drug
6430,17647,Mecamylamine,DB00657,DrugBank,drug
6431,17648,Atracurium besylate,DB00732,DrugBank,drug
6432,17649,Vecuronium,DB01339,DrugBank,drug
6433,17650,Epibatidine,DB07720,DrugBank,drug
6434,17651,Hexamethonium,DB08960,DrugBank,drug
6435,17652,Tetracaine,DB09085,DrugBank,drug
6436,17653,Dexrazoxane,DB00380,DrugBank,drug
6437,17654,Valrubicin,DB00385,DrugBank,drug
6438,17655,Fleroxacin,DB04576,DrugBank,drug
6440,17657,SP1049C,DB04978,DrugBank,drug
6441,17658,Amonafide,DB05022,DrugBank,drug
6442,17659,Elsamitrucin,DB05129,DrugBank,drug
6445,17662,Aldoxorubicin,DB06013,DrugBank,drug
6447,17664,Annamycin,DB06420,DrugBank,drug
6448,17665,Declopramide,DB06421,DrugBank,drug
6449,17666,Finafloxacin,DB09047,DrugBank,drug
6476,17693,Palifermin,DB00039,DrugBank,drug
6477,17694,3-[4-(1-formylpiperazin-4-yl)-benzylidenyl]-2-indolinone,DB02058,DrugBank,drug
6480,17697,Nisoxetine,DB09186,DrugBank,drug
6485,17702,Thiethylperazine,DB00372,DrugBank,drug
6486,17703,Alizapride,DB01425,DrugBank,drug
6488,17705,Bromopride,DB09018,DrugBank,drug
6489,17706,Quinagolide,DB09097,DrugBank,drug
6490,17707,Raclopride,DB12518,DrugBank,drug
6491,17708,JNJ-37822681,DB12579,DrugBank,drug
6492,17709,Ridogrel,DB01207,DrugBank,drug
6494,17711,Panitumumab,DB01269,DrugBank,drug
6495,17712,Matuzumab,DB05101,DrugBank,drug
6496,17713,Rindopepimut,DB05374,DrugBank,drug
6497,17714,Canertinib,DB05424,DrugBank,drug
6498,17715,Pelitinib,DB05524,DrugBank,drug
6501,17718,Necitumumab,DB09559,DrugBank,drug
6502,17719,Zalutumumab,DB12202,DrugBank,drug
6503,17720,Olmutinib,DB13164,DrugBank,drug
6505,17722,Levallorphan,DB00504,DrugBank,drug
6506,17723,Anileridine,DB00913,DrugBank,drug
6507,17724,Methadyl acetate,DB01433,DrugBank,drug
6510,17727,Pamidronic acid,DB00282,DrugBank,drug
6511,17728,Zoledronic acid,DB00399,DrugBank,drug
6512,17729,Alendronic acid,DB00630,DrugBank,drug
6513,17730,Ibandronate,DB00710,DrugBank,drug
6516,17733,Geranyl Diphosphate,DB02552,DrugBank,drug
6518,17735,Incadronic acid,DB06255,DrugBank,drug
6520,17737,Farnesyl diphosphate,DB07780,DrugBank,drug
6521,17738,Geranylgeranyl diphosphate,DB07841,DrugBank,drug
6522,17739,Dihydrotachysterol,DB01070,DrugBank,drug
6524,17741,Seocalcitol,DB04258,DrugBank,drug
6525,17742,Cholesterol,DB04540,DrugBank,drug
6526,17743,Inecalcitol,DB04796,DrugBank,drug
6527,17744,Becocalcidiol,DB04891,DrugBank,drug
6529,17746,Eldecalcitol,DB05295,DrugBank,drug
6530,17747,Elocalcitol,DB06194,DrugBank,drug
6533,17750,Tetraethylammonium,DB08837,DrugBank,drug
6534,17751,Biricodar,DB04851,DrugBank,drug
6556,17773,Lenograstim,DB13144,DrugBank,drug
6557,17774,Lipegfilgrastim,DB13200,DrugBank,drug
6558,17775,Diflorasone,DB00223,DrugBank,drug
6559,17776,Desoximetasone,DB00547,DrugBank,drug
6560,17777,Clocortolone,DB00838,DrugBank,drug
6563,17780,Tixocortol,DB09091,DrugBank,drug
6564,17781,Onapristone,DB12637,DrugBank,drug
6565,17782,Methyprylon,DB01107,DrugBank,drug
6569,17786,Zinc trihydroxide,DB02165,DrugBank,drug
6580,17797,Deoxycholic acid,DB03619,DrugBank,drug
6582,17799,Carbocisteine,DB04339,DrugBank,drug
6589,17806,(6R)-Folinic acid,DB03256,DrugBank,drug
6591,17808,Domoic Acid,DB02852,DrugBank,drug
6611,17828,Lithium cation,DB01356,DrugBank,drug
6612,17829,Lithium citrate,DB14507,DrugBank,drug
6614,17831,Lithium carbonate,DB14509,DrugBank,drug
6615,17832,Acarbose,DB00284,DrugBank,drug
6616,17833,Voglibose,DB04878,DrugBank,drug
6640,17857,Oxalic Acid,DB03902,DrugBank,drug
6664,17881,Carbetocin,DB01282,DrugBank,drug
6666,17883,Abatacept,DB01281,DrugBank,drug
6667,17884,Belatacept,DB06681,DrugBank,drug
6668,17885,Galiximab,DB04901,DrugBank,drug
6669,17886,Tetracosactide,DB01284,DrugBank,drug
6671,17888,Bremelanotide,DB11653,DrugBank,drug
6672,17889,Varenicline,DB01273,DrugBank,drug
6676,17893,Olaratumab,DB06043,DrugBank,drug
6686,17903,Vildagliptin,DB04876,DrugBank,drug
6688,17905,AMG-222,DB06011,DrugBank,drug
6689,17906,Bisegliptin,DB06127,DrugBank,drug
6719,17936,Gosogliptin,DB08382,DrugBank,drug
6727,17944,Dutogliptin,DB11723,DrugBank,drug
6728,17945,Eculizumab,DB01257,DrugBank,drug
6729,17946,Ravulizumab,DB11580,DrugBank,drug
6732,17949,Albiglutide,DB09043,DrugBank,drug
6733,17950,Dulaglutide,DB09045,DrugBank,drug
6734,17951,Lixisenatide,DB09265,DrugBank,drug
6738,17955,Teprotumumab,DB06343,DrugBank,drug
6741,17958,Cixutumumab,DB12250,DrugBank,drug
6752,17969,"7,8-Dichloro-1,2,3,4-tetrahydroisoquinoline",DB08550,DrugBank,drug
6770,17987,Calcium chloride,DB01164,DrugBank,drug
6774,17991,Ipilimumab,DB06186,DrugBank,drug
6775,17992,Tremelimumab,DB11771,DrugBank,drug
6782,17999,Flucytosine,DB01099,DrugBank,drug
6783,18000,Palifosfamide,DB05668,DrugBank,drug
6811,18028,Levamisole,DB00848,DrugBank,drug
6819,18036,Bacitracin,DB00626,DrugBank,drug
6823,18040,Leronlimab,DB05941,DrugBank,drug
6825,18042,Ibalizumab,DB12698,DrugBank,drug
6881,18098,Pegademase,DB00061,DrugBank,drug
6884,18101,Framycetin,DB00452,DrugBank,drug
6885,18102,Plerixafor,DB06809,DrugBank,drug
6906,18123,Regadenoson,DB06213,DrugBank,drug
6911,18128,Eldelumab,DB06116,DrugBank,drug
6940,18157,Olsalazine,DB01250,DrugBank,drug
6942,18159,Fontolizumab,DB05111,DrugBank,drug
6943,18160,Emapalumab,DB14724,DrugBank,drug
6957,18174,Ebselen,DB12610,DrugBank,drug
6962,18179,Sucralfate,DB00364,DrugBank,drug
6964,18181,Wortmannin,DB08059,DrugBank,drug
6972,18189,Cerulenin,DB01034,DrugBank,drug
6975,18192,Uracil,DB03419,DrugBank,drug
6978,18195,Gimeracil,DB09257,DrugBank,drug
6997,18214,Andexanet alfa,DB14562,DrugBank,drug
7002,18219,Rubitecan,DB06159,DrugBank,drug
7012,18229,Briakinumab,DB05459,DrugBank,drug
7013,18230,Ustekinumab,DB05679,DrugBank,drug
7016,18233,Hyaluronidase (human recombinant),DB06205,DrugBank,drug
7017,18234,Hyaluronidase,DB14740,DrugBank,drug
7060,18277,Levetiracetam,DB01202,DrugBank,drug
7062,18279,Nitrilotriacetic acid,DB03040,DrugBank,drug
7066,18283,Belimumab,DB08879,DrugBank,drug
7067,18284,6-hydroxydopa quinone,DB04334,DrugBank,drug
7070,18287,Myxothiazol,DB04741,DrugBank,drug
7080,18297,Zinc Substituted Heme C,DB04249,DrugBank,drug
7083,18300,Amibegron,DB05395,DrugBank,drug
7084,18301,Solabegron,DB06190,DrugBank,drug
7090,18307,Hydroxyfasudil,DB04707,DrugBank,drug
7092,18309,Fasudil,DB08162,DrugBank,drug
7095,18312,Phenoxymethylpenicillin,DB00417,DrugBank,drug
7096,18313,Oxacillin,DB00713,DrugBank,drug
7097,18314,Benzoic acid,DB03793,DrugBank,drug
7160,18377,Cannabidivarin,DB14050,DrugBank,drug
7163,18380,Egaptivon pegol,DB05202,DrugBank,drug
7174,18391,Girentuximab,DB05304,DrugBank,drug
7175,18392,TG4010,DB06584,DrugBank,drug
7177,18394,Elacridar,DB04881,DrugBank,drug
7179,18396,Zosuquidar,DB06191,DrugBank,drug
7180,18397,Tariquidar,DB06240,DrugBank,drug
7183,18400,Dofequidar,DB14067,DrugBank,drug
7184,18401,ONT-093,DB14069,DrugBank,drug
7186,18403,Desmethylsertraline,DB14071,DrugBank,drug
7189,18406,Tagraxofusp,DB14731,DrugBank,drug
7193,18410,Caplacizumab,DB06081,DrugBank,drug
7195,18412,Susoctocog alfa,DB11606,DrugBank,drug
7199,18416,Canakinumab,DB06168,DrugBank,drug
7200,18417,Rilonacept,DB06372,DrugBank,drug
7201,18418,Gevokizumab,DB12119,DrugBank,drug
7206,18423,Carboxymethylcellulose,DB11059,DrugBank,drug
7357,18574,Cefdinir,DB00535,DrugBank,drug
7359,18576,Icatibant,DB06196,DrugBank,drug
7372,18589,16-Bromoepiandrosterone,DB05107,DrugBank,drug
7373,18590,Streptomycin,DB01082,DrugBank,drug
7375,18592,RI 624,DB05892,DrugBank,drug
7393,18610,Sipuleucel-T,DB06688,DrugBank,drug
7394,18611,Lonidamine,DB06266,DrugBank,drug
7396,18613,Bivatuzumab,DB06550,DrugBank,drug
7417,18634,Geldanamycin,DB02424,DrugBank,drug
7470,18687,Cilastatin,DB01597,DrugBank,drug
7478,18695,Eptifibatide,DB00063,DrugBank,drug
7485,18702,Tetradecyl hydrogen sulfate (ester),DB11328,DrugBank,drug
7507,18724,Nocodazole,DB08313,DrugBank,drug
7522,18739,Batimastat,DB03880,DrugBank,drug
7542,18759,7-Hydroxystaurosporine,DB01933,DrugBank,drug
7551,18768,Colforsin,DB02587,DrugBank,drug
7553,18770,Lucatumumab,DB06360,DrugBank,drug
7554,18771,Dacetuzumab,DB12589,DrugBank,drug
7556,18773,Acetohydroxamic acid,DB00551,DrugBank,drug
7581,18798,Reslizumab,DB06602,DrugBank,drug
7582,18799,Mepolizumab,DB06612,DrugBank,drug
7591,18808,Emodin,DB07715,DrugBank,drug
7618,18835,AICA ribonucleotide,DB01700,DrugBank,drug
7681,18898,Platelet Activating Factor,DB02261,DrugBank,drug
7685,18902,Calyculin A,DB02860,DrugBank,drug
7714,18931,Nitroxoline,DB01422,DrugBank,drug
7716,18933,Fumagillin,DB02640,DrugBank,drug
7729,18946,TNP-470,DB08633,DrugBank,drug
7742,18959,Vorinostat,DB02546,DrugBank,drug
7771,18988,Camostat,DB13729,DrugBank,drug
7773,18990,Ubenimex,DB03424,DrugBank,drug
7806,19023,2-(4-Chlorophenyl)-5-Quinoxalinecarboxamide,DB03509,DrugBank,drug
7810,19027,Veliparib,DB07232,DrugBank,drug
7813,19030,Talazoparib,DB11760,DrugBank,drug
7814,19031,Iniparib,DB13877,DrugBank,drug
7849,19066,"3,5-Diiodotyrosine",DB03374,DrugBank,drug
7864,19081,Phenethylamine,DB04325,DrugBank,drug
7894,19111,Taurocholic acid,DB04348,DrugBank,drug
7906,19123,Monastrol,DB04331,DrugBank,drug
7907,19124,Filanesib,DB06040,DrugBank,drug
7938,19155,Glycocholic acid,DB02691,DrugBank,drug
7940,19157,Fotemustine,DB04106,DrugBank,drug
7941,19158,Motexafin gadolinium,DB05428,DrugBank,drug
7943,19160,Metergoline,DB13520,DrugBank,drug
7952,19169,"3,5-Dinitrocatechol",DB02105,DrugBank,drug
7955,19172,Nialamide,DB04820,DrugBank,drug
7958,19175,Testolactone,DB00894,DrugBank,drug
7960,19177,Benralizumab,DB12023,DrugBank,drug
7980,19197,Teduglutide,DB08900,DrugBank,drug
7981,19198,Felbinac,DB07477,DrugBank,drug
7982,19199,Botulinum Toxin Type B,DB00042,DrugBank,drug
7990,19207,Carbidopa,DB00190,DrugBank,drug
7991,19208,Benserazide,DB12783,DrugBank,drug
7992,19209,Hexafluronium,DB00941,DrugBank,drug
8000,19217,Tipiracil,DB09343,DrugBank,drug
8005,19222,Isocarboxazid,DB01247,DrugBank,drug
8006,19223,Pargyline,DB01626,DrugBank,drug
8016,19233,Clorgiline,DB04017,DrugBank,drug
8017,19234,Posizolid,DB04850,DrugBank,drug
8021,19238,Brofaromine,DB13876,DrugBank,drug
8028,19245,Febuxostat,DB04854,DrugBank,drug
8029,19246,Oxypurinol,DB05262,DrugBank,drug
8033,19250,Pentostatin,DB00552,DrugBank,drug
8043,19260,Nebularine,DB04440,DrugBank,drug
8050,19267,Saredutant,DB06660,DrugBank,drug
8052,19269,Sparfosic acid,DB03459,DrugBank,drug
8053,19270,Alanosine,DB05540,DrugBank,drug
8054,19271,Hadacidin,DB02109,DrugBank,drug
8062,19279,gamma-Hydroxybutyric acid,DB01440,DrugBank,drug
8064,19281,Carfilzomib,DB08889,DrugBank,drug
8065,19282,Pracinostat,DB05223,DrugBank,drug
8066,19283,Mocetinostat,DB11830,DrugBank,drug
8067,19284,Abexinostat,DB12565,DrugBank,drug
8069,19286,Eptinezumab,DB14040,DrugBank,drug
8070,19287,Fremanezumab,DB14041,DrugBank,drug
8071,19288,Galcanezumab,DB14042,DrugBank,drug
8072,19289,Osanetant,DB04872,DrugBank,drug
8076,19293,Tipifarnib,DB04960,DrugBank,drug
8085,19302,Castor oil,DB11113,DrugBank,drug
8107,19324,Glatiramer,DB05259,DrugBank,drug
8113,19330,Dupilumab,DB12159,DrugBank,drug
8114,19331,Ecabet,DB05265,DrugBank,drug
8127,19344,Metoprine,DB04655,DrugBank,drug
8129,19346,Harmaline,DB13875,DrugBank,drug
8131,19348,Lebrikizumab,DB11914,DrugBank,drug
8132,19349,Oregovomab,DB04964,DrugBank,drug
8134,19351,Lanadelumab,DB14597,DrugBank,drug
8139,19356,Mifamurtide,DB13615,DrugBank,drug
8163,19380,Ribostamycin,DB03615,DrugBank,drug
8208,19425,Heptaethylene glycol,DB03394,DrugBank,drug
8216,19433,Selenocysteine,DB02345,DrugBank,drug
8230,19447,Zanamivir,DB00558,DrugBank,drug
8262,19479,1-benzylimidazole,DB04581,DrugBank,drug
8287,19504,Metreleptin,DB09046,DrugBank,drug
8331,19548,Plozalizumab,DB12520,DrugBank,drug
8334,19551,Tromethamine,DB03754,DrugBank,drug
8335,19552,Tetrathiomolybdate,DB05088,DrugBank,drug
8339,19556,Dimercaprol,DB06782,DrugBank,drug
8340,19557,Florbetapir (18F),DB09149,DrugBank,drug
8342,19559,BMS-488043,DB05532,DrugBank,drug
8343,19560,PRO-542,DB05793,DrugBank,drug
8347,19564,Farletuzumab,DB05595,DrugBank,drug
8352,19569,CR002,DB05139,DrugBank,drug
8354,19571,Guselkumab,DB11834,DrugBank,drug
8374,19591,Irofulven,DB05786,DrugBank,drug
8377,19594,Cyclic adenosine monophosphate,DB02527,DrugBank,drug
8382,19599,Lexatumumab,DB06599,DrugBank,drug
8384,19601,MYO-029,DB05915,DrugBank,drug
8385,19602,CT-011,DB05916,DrugBank,drug
8386,19603,Nivolumab,DB09035,DrugBank,drug
8387,19604,Pembrolizumab,DB09037,DrugBank,drug
8388,19605,Cemiplimab,DB14707,DrugBank,drug
8389,19606,Camrelizumab,DB14776,DrugBank,drug
8394,19611,Romiplostim,DB05332,DrugBank,drug
8396,19613,Thrombopoietin,DB06534,DrugBank,drug
8397,19614,Atezolizumab,DB11595,DrugBank,drug
8398,19615,Durvalumab,DB11714,DrugBank,drug
8399,19616,Avelumab,DB11945,DrugBank,drug
8401,19618,Sifalimumab,DB12773,DrugBank,drug
8403,19620,Blinatumomab,DB09052,DrugBank,drug
8404,19621,Amatuximab,DB12845,DrugBank,drug
8406,19623,Urelumab,DB12077,DrugBank,drug
8407,19624,Lumiliximab,DB06162,DrugBank,drug
8408,19625,Radezolid,DB12339,DrugBank,drug
8411,19628,Astaxanthin,DB06543,DrugBank,drug
8413,19630,Sotatercept,DB12118,DrugBank,drug
8414,19631,Glembatumumab vedotin,DB05996,DrugBank,drug
8416,19633,XmAb 2513,DB06324,DrugBank,drug
8421,19638,Clenoliximab,DB06241,DrugBank,drug
8424,19641,Elotuzumab,DB06317,DrugBank,drug
8426,19643,Carotuximab,DB06322,DrugBank,drug
8427,19644,Pegpleranib,DB06325,DrugBank,drug
8428,19645,Inebilizumab,DB12530,DrugBank,drug
8431,19648,Tafasitamab,DB15044,DrugBank,drug
8433,19650,Linaclotide,DB08890,DrugBank,drug
8443,19660,Sibrotuzumab,DB06474,DrugBank,drug
8444,19661,Abaloparatide,DB05084,DrugBank,drug
8445,19662,Parathyroid hormone,DB05829,DrugBank,drug
8446,19663,Teriparatide,DB06285,DrugBank,drug
8448,19665,Gossypol,DB13044,DrugBank,drug
8454,19671,Denosumab,DB06643,DrugBank,drug
8458,19675,Dotatate gallium Ga-68,DB13925,DrugBank,drug
8475,19692,Indirubin,DB12379,DrugBank,drug
8479,19696,Gadopentetic acid,DB00789,DrugBank,drug
8482,19699,Dinoprost,DB12789,DrugBank,drug
8483,19700,Ramatroban,DB13036,DrugBank,drug
8484,19701,Octylphenoxy polyethoxyethanol,DB04682,DrugBank,drug
8485,19702,Bafilomycin A1,DB06733,DrugBank,drug
8487,19704,Farnesyl thiopyrophosphate,DB04695,DrugBank,drug
8494,19711,Plecanatide,DB13170,DrugBank,drug
8495,19712,Doxapram,DB00561,DrugBank,drug
8496,19713,Gantacurium,DB05710,DrugBank,drug
8497,19714,5beta-dihydrotestosterone,DB07447,DrugBank,drug
8503,19720,Mafenide,DB06795,DrugBank,drug
8506,19723,Ginsenoside Rb1,DB06749,DrugBank,drug
8513,19730,Indigotindisulfonic acid,DB11577,DrugBank,drug
8594,19811,5-(2-methylpiperazine-1-sulfonyl)isoquinoline,DB07996,DrugBank,drug
8654,19871,p-Coumaric acid,DB04066,DrugBank,drug
8656,19873,Methylecgonine,DB04688,DrugBank,drug
8665,19882,Anisomycin,DB07374,DrugBank,drug
8666,19883,Puromycin,DB08437,DrugBank,drug
8669,19886,Omacetaxine mepesuccinate,DB04865,DrugBank,drug
8679,19896,Fluorescein,DB00693,DrugBank,drug
8683,19900,Piceatannol,DB08399,DrugBank,drug
8728,19945,Pyruvaldehyde,DB03587,DrugBank,drug
8780,19997,Labetuzumab,DB05097,DrugBank,drug
8875,20092,Trimetazidine,DB09069,DrugBank,drug
8905,20122,Brivudine,DB03312,DrugBank,drug
8909,20126,Dimethyl fumarate,DB08908,DrugBank,drug
8911,20128,Ethchlorvynol,DB00189,DrugBank,drug
8912,20129,Chlordiazepoxide,DB00475,DrugBank,drug
8913,20130,Halazepam,DB00801,DrugBank,drug
8914,20131,Camazepam,DB01489,DrugBank,drug
8915,20132,Delorazepam,DB01511,DrugBank,drug
8916,20133,Ethyl loflazepate,DB01545,DrugBank,drug
8917,20134,Cloxazolam,DB01553,DrugBank,drug
8918,20135,Cinolazepam,DB01594,DrugBank,drug
8919,20136,Pinazepam,DB13335,DrugBank,drug
8920,20137,Medazepam,DB13437,DrugBank,drug
8921,20138,Loprazolam,DB13643,DrugBank,drug
8922,20139,Doxefazepam,DB13837,DrugBank,drug
8923,20140,Lormetazepam,DB13872,DrugBank,drug
8924,20141,Nordazepam,DB14028,DrugBank,drug
8925,20142,Oxazepam acetate,DB14672,DrugBank,drug
8926,20143,Cinazepam,DB14715,DrugBank,drug
8927,20144,Bentazepam,DB14719,DrugBank,drug
8928,20145,Magnesium acetate tetrahydrate,DB09409,DrugBank,drug
8929,20146,Magnesium carbonate,DB09481,DrugBank,drug
8930,20147,Setiptiline,DB09304,DrugBank,drug
8931,20148,Synephrine,DB09203,DrugBank,drug
8932,20149,Levonordefrin,DB06707,DrugBank,drug
8933,20150,Xylazine,DB11477,DrugBank,drug
8934,20151,Mephentermine,DB01365,DrugBank,drug
8936,20153,Metixene,DB00340,DrugBank,drug
8937,20154,Dichlorobenzyl alcohol,DB13269,DrugBank,drug
8939,20156,Dactinomycin,DB00970,DrugBank,drug
8941,20158,Daratumumab,DB09331,DrugBank,drug
8942,20159,Isatuximab,DB14811,DrugBank,drug
8943,20160,Secukinumab,DB09029,DrugBank,drug
8944,20161,Ixekizumab,DB11569,DrugBank,drug
8945,20162,Alirocumab,DB09302,DrugBank,drug
8947,20164,Asfotase alfa,DB09105,DrugBank,drug
8948,20165,Protirelin,DB09421,DrugBank,drug
8949,20166,Risankizumab,DB14762,DrugBank,drug
8950,20167,Adipiplon,DB06579,DrugBank,drug
8952,20169,Magnesium sulfate,DB00653,DrugBank,drug
8954,20171,Titanium dioxide,DB09536,DrugBank,drug
8959,20176,Erenumab,DB14039,DrugBank,drug
8961,20178,Catridecacog,DB09310,DrugBank,drug
8964,20181,Technetium Tc-99m tilmanocept,DB09266,DrugBank,drug
8969,20186,SC-236,DB14059,DrugBank,drug
8971,20188,Sennosides,DB11365,DrugBank,drug
8972,20189,Romosozumab,DB11866,DrugBank,drug
8976,20193,Pramocaine,DB09345,DrugBank,drug
8977,20194,Mogamulizumab,DB12498,DrugBank,drug
8979,20196,Golodirsen,DB15593,DrugBank,drug
8982,20199,Tauroursodeoxycholic acid,DB08834,DrugBank,drug
8983,20200,Ferumoxytol,DB06215,DrugBank,drug
8985,20202,Aminohippuric acid,DB00345,DrugBank,drug
8986,20203,Ceftazidime,DB00438,DrugBank,drug
8987,20204,Cefixime,DB00671,DrugBank,drug
8988,20205,Cephaloglycin,DB00689,DrugBank,drug
8989,20206,Cyclacillin,DB01000,DrugBank,drug
8990,20207,Cefadroxil,DB01140,DrugBank,drug
8991,20208,Cefepime,DB01413,DrugBank,drug
8993,20210,Azidocillin,DB08795,DrugBank,drug
8995,20212,Melphalan,DB01042,DrugBank,drug
8997,20214,Potassium bicarbonate,DB11098,DrugBank,drug
8998,20215,Valganciclovir,DB01610,DrugBank,drug
9001,20218,Sodium citrate,DB09154,DrugBank,drug
9003,20220,Iobenguane,DB06704,DrugBank,drug
9004,20221,Iobenguane sulfate I-123,DB09546,DrugBank,drug
9006,20223,Gaboxadol,DB06554,DrugBank,drug
9009,20226,Ioflupane I-123,DB08824,DrugBank,drug
9010,20227,Foscarnet,DB00529,DrugBank,drug
9011,20228,Acetic acid,DB03166,DrugBank,drug
9012,20229,Glycochenodeoxycholic Acid,DB02123,DrugBank,drug
9013,20230,Pilsicainide,DB12712,DrugBank,drug
9014,20231,Valinomycin,DB14057,DrugBank,drug
9015,20232,Rhodamine 6G,DB03825,DrugBank,drug
9016,20233,Technetium Tc-99m sestamibi,DB09161,DrugBank,drug
9017,20234,Novobiocin,DB01051,DrugBank,drug
9018,20235,Cefamandole,DB01326,DrugBank,drug
9019,20236,Glutaric Acid,DB03553,DrugBank,drug
9020,20237,Relebactam,DB12377,DrugBank,drug
9021,20238,Nystatin,DB00646,DrugBank,drug
9022,20239,Penicillamine,DB00859,DrugBank,drug
9023,20240,Gimatecan,DB06721,DrugBank,drug
9025,20242,Bamet-UD2,DB08857,DrugBank,drug
9026,20243,cis-Diamminechlorocholylglycinateplatinum(II),DB08858,DrugBank,drug
9027,20244,Gadoxetic acid,DB08884,DrugBank,drug
9028,20245,Technetium Tc-99m mebrofenin,DB09137,DrugBank,drug
9029,20246,Valspodar,DB11869,DrugBank,drug
9030,20247,Levomenol,DB13153,DrugBank,drug
9031,20248,Loracarbef,DB00447,DrugBank,drug
9032,20249,Cefuroxime,DB01112,DrugBank,drug
9033,20250,Ceftizoxime,DB01332,DrugBank,drug
9034,20251,Ceftibuten,DB01415,DrugBank,drug
9035,20252,Gramicidin D,DB00027,DrugBank,drug
9036,20253,Ledipasvir,DB09027,DrugBank,drug
9037,20254,Polyethylene glycol,DB09287,DrugBank,drug
9039,20256,Salinomycin,DB11544,DrugBank,drug
9040,20257,Sarecycline,DB12035,DrugBank,drug
9041,20258,Laniquidar,DB12799,DrugBank,drug
9042,20259,Dehydroascorbic acid,DB08830,DrugBank,drug
9044,20261,Cefotiam,DB00229,DrugBank,drug
9045,20262,Piperacillin,DB00319,DrugBank,drug
9046,20263,Ganciclovir,DB01004,DrugBank,drug
9047,20264,Cefacetrile,DB01414,DrugBank,drug
9048,20265,Tazobactam,DB01606,DrugBank,drug
9050,20267,Uric acid,DB08844,DrugBank,drug
9051,20268,Cefaloridine,DB09008,DrugBank,drug
9052,20269,Cabotegravir,DB11751,DrugBank,drug
9053,20270,Edaravone,DB12243,DrugBank,drug
9055,20272,Avibactam,DB09060,DrugBank,drug
9056,20273,Polymyxin B,DB00781,DrugBank,drug
9057,20274,Leucovorin,DB00650,DrugBank,drug
9058,20275,trans-2-hydroxycinnamic acid,DB01650,DrugBank,drug
9059,20276,Pradigastat,DB12866,DrugBank,drug
9061,20278,Buformin,DB04830,DrugBank,drug
9062,20279,Tyramine,DB08841,DrugBank,drug
9067,20284,Plazomicin,DB12615,DrugBank,drug
9068,20285,DPDPE,DB08861,DrugBank,drug
9069,20286,Sincalide,DB09142,DrugBank,drug
9070,20287,Agalsidase beta,DB00103,DrugBank,drug
9071,20288,Sodium bicarbonate,DB01390,DrugBank,drug
9072,20289,Clavulanic acid,DB00766,DrugBank,drug
9073,20290,"Sodium phosphate, monobasic",DB09449,DrugBank,drug
9074,20291,"Sodium phosphate, dibasic",DB14502,DrugBank,drug
9075,20292,"Sodium phosphate, monobasic, unspecified form",DB14503,DrugBank,drug
9076,20293,Inositol,DB13178,DrugBank,drug
9078,20295,Methapyrilene,DB04819,DrugBank,drug
9080,20297,Imidapril,DB11783,DrugBank,drug
9081,20298,Potassium citrate,DB09125,DrugBank,drug
9082,20299,Medetomidine,DB11428,DrugBank,drug
9083,20300,Perazine,DB12710,DrugBank,drug
9084,20301,Delapril,DB13312,DrugBank,drug
9085,20302,Potassium Iodide,DB06715,DrugBank,drug
9086,20303,Trolnitrate,DB13719,DrugBank,drug
9087,20304,Salicylamide,DB08797,DrugBank,drug
9088,20305,Chlorphentermine,DB01556,DrugBank,drug
9089,20306,Zinc gluconate,DB11248,DrugBank,drug
9090,20307,Endralazine,DB13435,DrugBank,drug
9091,20308,Telavancin,DB06402,DrugBank,drug
9092,20309,Etidocaine,DB08987,DrugBank,drug
9093,20310,Trimazosin,DB09206,DrugBank,drug
9094,20311,Calcium gluconate,DB11126,DrugBank,drug
9095,20312,Difenoxin,DB01501,DrugBank,drug
9098,20315,Articaine,DB09009,DrugBank,drug
9099,20316,Epitizide,DB13989,DrugBank,drug
9100,20317,Butacaine,DB11502,DrugBank,drug
9101,20318,Sulfacetamide,DB00634,DrugBank,drug
9102,20319,Xipamide,DB13803,DrugBank,drug
9104,20321,Methscopolamine,DB11315,DrugBank,drug
9105,20322,Zinc oxide,DB09321,DrugBank,drug
9106,20323,Ammonium chloride,DB06767,DrugBank,drug
9107,20324,Triethylenetetramine,DB06824,DrugBank,drug
9108,20325,Meticrane,DB13284,DrugBank,drug
9109,20326,Tramazoline,DB13064,DrugBank,drug
9110,20327,Hydroxyamphetamine,DB09352,DrugBank,drug
9111,20328,Methenamine,DB06799,DrugBank,drug
9116,20333,Parnaparin,DB09260,DrugBank,drug
9119,20336,Temozolomide,DB00853,DrugBank,drug
9120,20337,Monopotassium phosphate,DB09413,DrugBank,drug
9122,20339,Mannitol,DB00742,DrugBank,drug
9123,20340,Ethionamide,DB00609,DrugBank,drug
9124,20341,Ethadione,DB13799,DrugBank,drug
9126,20343,Chloral hydrate,DB01563,DrugBank,drug
9127,20344,Tigecycline,DB00560,DrugBank,drug
9128,20345,Metaxalone,DB00660,DrugBank,drug
9130,20347,Lincomycin,DB01627,DrugBank,drug
9132,20349,Methyl salicylate,DB09543,DrugBank,drug
9133,20350,Pentaerithrityl,DB13526,DrugBank,drug
9134,20351,Meropenem,DB00760,DrugBank,drug
9137,20354,Phensuximide,DB00832,DrugBank,drug
9138,20355,Alphaprodine,DB13160,DrugBank,drug
9140,20357,Bisacodyl,DB09020,DrugBank,drug
9142,20359,Sulfadoxine,DB01299,DrugBank,drug
9143,20360,Ertapenem,DB00303,DrugBank,drug
9144,20361,Rimantadine,DB00478,DrugBank,drug
9145,20362,Magnesium oxide,DB01377,DrugBank,drug
9146,20363,Methylpentynol,DB13733,DrugBank,drug
9147,20364,Carbromal,DB13817,DrugBank,drug
9149,20366,Haloprogin,DB00793,DrugBank,drug
9153,20370,Oxitropium,DB12086,DrugBank,drug
9158,20375,Aluminum hydroxide,DB06723,DrugBank,drug
9159,20376,Magnesium hydroxide,DB09104,DrugBank,drug
9160,20377,Benzoyl peroxide,DB09096,DrugBank,drug
9161,20378,Trioxsalen,DB04571,DrugBank,drug
9162,20379,Methyl aminolevulinate,DB00992,DrugBank,drug
9167,20384,Mebanazine,DB09248,DrugBank,drug
9168,20385,Iproclozide,DB09247,DrugBank,drug
9169,20386,Opipramol,DB12930,DrugBank,drug
9171,20388,Lofepramine,DB13411,DrugBank,drug
9172,20389,Caroxazone,DB09254,DrugBank,drug
9174,20391,Silver sulfadiazine,DB05245,DrugBank,drug
9175,20392,Sulfacytine,DB01298,DrugBank,drug
9176,20393,Verteporfin,DB00460,DrugBank,drug
9179,20396,Calcium lactate,DB13231,DrugBank,drug
9180,20397,Pantothenic acid,DB01783,DrugBank,drug
9181,20398,Aztreonam,DB00355,DrugBank,drug
9182,20399,Magnesium chloride,DB09407,DrugBank,drug
9183,20400,Dipotassium phosphate,DB09414,DrugBank,drug
9184,20401,Paromomycin,DB01421,DrugBank,drug
9185,20402,Ethambutol,DB00330,DrugBank,drug
9186,20403,Almasilate,DB13595,DrugBank,drug
9187,20404,Sulbactam,DB09324,DrugBank,drug
9188,20405,Calcium acetate,DB00258,DrugBank,drug
9189,20406,Meticillin,DB01603,DrugBank,drug
9190,20407,Kanamycin,DB01172,DrugBank,drug
9191,20408,Netilmicin,DB00955,DrugBank,drug
9192,20409,Procaine benzylpenicillin,DB09320,DrugBank,drug
9193,20410,Mezlocillin,DB00948,DrugBank,drug
9194,20411,Bacampicillin,DB01602,DrugBank,drug
9195,20412,Amikacin,DB00479,DrugBank,drug
9196,20413,Azlocillin,DB01061,DrugBank,drug
9197,20414,Cefoxitin,DB01331,DrugBank,drug
9198,20415,Ticarcillin,DB01607,DrugBank,drug
9199,20416,Telbivudine,DB01265,DrugBank,drug
9200,20417,Magnesium citrate,DB11110,DrugBank,drug
9201,20418,Tobramycin,DB00684,DrugBank,drug
9202,20419,Calcium glucoheptonate,DB00326,DrugBank,drug
9204,20421,Fosfomycin,DB00828,DrugBank,drug
9205,20422,Meclocycline,DB13092,DrugBank,drug
9207,20424,Magnesium trisilicate,DB09281,DrugBank,drug
9209,20426,Trimethobenzamide,DB00662,DrugBank,drug
9210,20427,Cholestyramine,DB01432,DrugBank,drug
9211,20428,Capreomycin,DB00314,DrugBank,drug
9212,20429,Colistin,DB00803,DrugBank,drug
9213,20430,Sodium fluorophosphate,DB09484,DrugBank,drug
9215,20432,Nandrolone,DB13169,DrugBank,drug
9216,20433,Anidulafungin,DB00362,DrugBank,drug
9217,20434,Altretamine,DB00488,DrugBank,drug
9218,20435,Inotersen,DB14713,DrugBank,drug
9219,20436,Dexpanthenol,DB09357,DrugBank,drug
9221,20438,Ferric oxide,DB11576,DrugBank,drug
9224,20441,Brodalumab,DB11776,DrugBank,drug
9226,20443,Poldine,DB13507,DrugBank,drug
9227,20444,Penthienate,DB13695,DrugBank,drug
9228,20445,Ilaprazole,DB11964,DrugBank,drug
9230,20447,Docusate,DB11089,DrugBank,drug
9233,20450,Proglumetacin,DB13527,DrugBank,drug
9234,20451,Benoxaprofen,DB04812,DrugBank,drug
9236,20453,Tenidap,DB13481,DrugBank,drug
9237,20454,Mupirocin,DB00410,DrugBank,drug
9238,20455,Clopenthixol,DB13841,DrugBank,drug
9239,20456,Daptomycin,DB00080,DrugBank,drug
9242,20459,Reproterol,DB12846,DrugBank,drug
9243,20460,Atracurium,DB13295,DrugBank,drug
9246,20463,Mebhydrolin,DB13808,DrugBank,drug
9248,20465,Quifenadine,DB13713,DrugBank,drug
9249,20466,Lucinactant,DB04897,DrugBank,drug
9252,20469,Calfactant,DB06415,DrugBank,drug
9253,20470,Poractant alfa,DB09113,DrugBank,drug
9254,20471,Beractant,DB06761,DrugBank,drug
9255,20472,Lactulose,DB00581,DrugBank,drug
9256,20473,Uracil mustard,DB00791,DrugBank,drug
9257,20474,Talimogene laherparepvec,DB13896,DrugBank,drug
9258,20475,Beclabuvir,DB12225,DrugBank,drug
9260,20477,Clevudine,DB06683,DrugBank,drug
9261,20478,Entecavir,DB00442,DrugBank,drug
9263,20480,Ceftolozane,DB09050,DrugBank,drug
9264,20481,Cefapirin,DB01139,DrugBank,drug
9268,20485,Cefprozil,DB01150,DrugBank,drug
9269,20486,Rasburicase,DB00049,DrugBank,drug
9270,20487,Isoxsuprine,DB08941,DrugBank,drug
9271,20488,Pegloticase,DB09208,DrugBank,drug
9272,20489,Cinchophen,DB13551,DrugBank,drug
9274,20491,Enviomycin,DB08993,DrugBank,drug
9275,20492,Amithiozone,DB12829,DrugBank,drug
9276,20493,Vincamine,DB13374,DrugBank,drug
9277,20494,Motretinide,DB13368,DrugBank,drug
9280,20497,Nicotinyl alcohol,DB04145,DrugBank,drug
9284,20501,Icosapent ethyl,DB08887,DrugBank,drug
9285,20502,Colesevelam,DB00930,DrugBank,drug
9286,20503,Calcium carbonate,DB06724,DrugBank,drug
9287,20504,Calcium lactate gluconate,DB13365,DrugBank,drug
9290,20507,Mefenorex,DB13852,DrugBank,drug
9291,20508,Fenproporex,DB01550,DrugBank,drug
9292,20509,Belotecan,DB12459,DrugBank,drug
9293,20510,Acipimox,DB09055,DrugBank,drug
9294,20511,Givosiran,DB15066,DrugBank,drug
9295,20512,Lanthanum carbonate,DB06792,DrugBank,drug
9296,20513,Gemigliptin,DB12412,DrugBank,drug
9297,20514,Tofogliflozin,DB11824,DrugBank,drug
9300,20517,Ipragliflozin,DB11698,DrugBank,drug
9301,20518,Teneligliptin,DB11950,DrugBank,drug
9302,20519,Anagliptin,DB12417,DrugBank,drug
9303,20520,Omarigliptin,DB11992,DrugBank,drug
9304,20521,Evogliptin,DB12625,DrugBank,drug
9315,20532,Sotagliflozin,DB12713,DrugBank,drug
9316,20533,Distigmine,DB13694,DrugBank,drug
9317,20534,Gepirone,DB12184,DrugBank,drug
9319,20536,Raxibacumab,DB08902,DrugBank,drug
9320,20537,Obiltoxaximab,DB05336,DrugBank,drug
9321,20538,Radium Ra 223 dichloride,DB08913,DrugBank,drug
9322,20539,Iron sucrose,DB09146,DrugBank,drug
9323,20540,Pyronaridine,DB12975,DrugBank,drug
9324,20541,Plicamycin,DB06810,DrugBank,drug
9327,20544,Dehydrocholic acid,DB11622,DrugBank,drug
9328,20545,Sorbitol,DB01638,DrugBank,drug
9329,20546,Oxyphenisatin,DB04823,DrugBank,drug
9330,20547,Oxyphenisatin acetate,DB14627,DrugBank,drug
9332,20549,Strontium ranelate,DB09267,DrugBank,drug
9335,20552,Oteracil,DB03209,DrugBank,drug
9336,20553,Bifemelane,DB13550,DrugBank,drug
9337,20554,Naftidrofuryl,DB13588,DrugBank,drug
9343,20560,Mosapramine,DB13676,DrugBank,drug
9344,20561,Oxypertine,DB13403,DrugBank,drug
9347,20564,Reviparin,DB09259,DrugBank,drug
9350,20567,Propylene glycol,DB01839,DrugBank,drug
9351,20568,Polidocanol,DB06811,DrugBank,drug
9353,20570,Sevelamer,DB00658,DrugBank,drug
9356,20573,Polmacoxib,DB12399,DrugBank,drug
9357,20574,Butylphthalide,DB12749,DrugBank,drug
9358,20575,Ipidacrine,DB13668,DrugBank,drug
9361,20578,Tandospirone,DB12833,DrugBank,drug
9363,20580,Bezlotoxumab,DB13140,DrugBank,drug
9364,20581,Spectinomycin,DB00919,DrugBank,drug
9368,20585,Mebeverine,DB12554,DrugBank,drug
9369,20586,Dinutuximab,DB09077,DrugBank,drug
9372,20589,Menatetrenone,DB12148,DrugBank,drug
9373,20590,Anecortave acetate,DB05288,DrugBank,drug
9374,20591,Melevodopa,DB13313,DrugBank,drug
9376,20593,Dalbavancin,DB06219,DrugBank,drug
9379,20596,Bunazosin,DB12230,DrugBank,drug
9380,20597,Tivozanib,DB11800,DrugBank,drug
9381,20598,Ibopamine,DB13316,DrugBank,drug
9382,20599,Chlormezanone,DB01178,DrugBank,drug
9383,20600,Oxaflozane,DB13457,DrugBank,drug
9384,20601,Mebicar,DB13522,DrugBank,drug
9385,20602,Hemin,DB03404,DrugBank,drug
9390,20607,Idebenone,DB09081,DrugBank,drug
9396,20613,Azosemide,DB08961,DrugBank,drug
9398,20615,Ethyl chloride,DB13259,DrugBank,drug
9400,20617,Carmofur,DB09010,DrugBank,drug
9401,20618,Teicoplanin,DB06149,DrugBank,drug
9404,20621,Penciclovir,DB00299,DrugBank,drug
9405,20622,Talaporfin,DB11812,DrugBank,drug
9406,20623,Lactitol,DB12942,DrugBank,drug
9409,20626,Maxacalcitol,DB06272,DrugBank,drug
9411,20628,Pancrelipase,DB00085,DrugBank,drug
9413,20630,Drostanolone propionate,DB14655,DrugBank,drug
9414,20631,Burosumab,DB14012,DrugBank,drug
9415,20632,Formaldehyde,DB03843,DrugBank,drug
9416,20633,Moroxydine,DB13597,DrugBank,drug
9417,20634,Peramivir,DB06614,DrugBank,drug
9418,20635,Laninamivir octanoate,DB11888,DrugBank,drug
9424,20641,Urapidil,DB12661,DrugBank,drug
9425,20642,Luspatercept,DB12281,DrugBank,drug
9426,20643,Temoporfin,DB11630,DrugBank,drug
9428,20645,Benznidazole,DB11989,DrugBank,drug
9429,20646,Eftrenonacog alfa,DB11608,DrugBank,drug
9431,20648,Benperidol,DB12867,DrugBank,drug
9433,20650,Prussian blue,DB06783,DrugBank,drug
9437,20654,Cefmenoxime,DB00267,DrugBank,drug
9438,20655,Ceforanide,DB00923,DrugBank,drug
9439,20656,Cefditoren,DB01066,DrugBank,drug
9440,20657,Cefpodoxime,DB01416,DrugBank,drug
9441,20658,4-Hydroxytestosterone,DB01485,DrugBank,drug
9442,20659,Dehydrochloromethyltestosterone,DB01510,DrugBank,drug
9443,20660,18-methyl-19-nortestosterone,DB01543,DrugBank,drug
9444,20661,Methyl-1-testosterone,DB01572,DrugBank,drug
9445,20662,Taxifolin,DB02224,DrugBank,drug
9446,20663,4-hydroxycoumarin,DB03410,DrugBank,drug
9447,20664,Latamoxef,DB04570,DrugBank,drug
9448,20665,Ceftobiprole,DB04918,DrugBank,drug
9449,20666,Trestolone,DB05830,DrugBank,drug
9450,20667,Sugammadex,DB06206,DrugBank,drug
9451,20668,Dersalazine,DB06251,DrugBank,drug
9452,20669,Semuloparin,DB06294,DrugBank,drug
9453,20670,Ceftaroline fosamil,DB06590,DrugBank,drug
9454,20671,Amediplase,DB06679,DrugBank,drug
9455,20672,Phenyl aminosalicylate,DB06807,DrugBank,drug
9456,20673,Ferulic acid,DB07767,DrugBank,drug
9457,20674,Testosterone succinate,DB08619,DrugBank,drug
9458,20675,Kebuzone,DB08940,DrugBank,drug
9459,20676,Isoxicam,DB08942,DrugBank,drug
9460,20677,Indoprofen,DB08951,DrugBank,drug
9461,20678,Ibuproxam,DB08955,DrugBank,drug
9462,20679,Floctafenine,DB08976,DrugBank,drug
9463,20680,Fenbufen,DB08981,DrugBank,drug
9464,20681,Epirizole,DB08991,DrugBank,drug
9465,20682,Ditazole,DB08994,DrugBank,drug
9466,20683,Cefminox,DB09062,DrugBank,drug
9467,20684,Benzydamine,DB09084,DrugBank,drug
9468,20685,Clonixin,DB09218,DrugBank,drug
9469,20686,Fibrinogen human,DB09222,DrugBank,drug
9470,20687,Hydracarbazine,DB09243,DrugBank,drug
9471,20688,Benmoxin,DB09246,DrugBank,drug
9472,20689,Octamoxin,DB09249,DrugBank,drug
9473,20690,Pheniprazine,DB09250,DrugBank,drug
9474,20691,Phenoxypropazine,DB09251,DrugBank,drug
9475,20692,Pivhydrazine,DB09252,DrugBank,drug
9476,20693,Safrazine,DB09253,DrugBank,drug
9477,20694,Dextran,DB09255,DrugBank,drug
9478,20695,Azficel-T,DB11051,DrugBank,drug
9479,20696,Zinc citrate,DB11154,DrugBank,drug
9480,20697,Calcium threonate,DB11168,DrugBank,drug
9481,20698,Protocatechualdehyde,DB11268,DrugBank,drug
9482,20699,Factor IX Complex (Human),DB11330,DrugBank,drug
9483,20700,Cefroxadine,DB11367,DrugBank,drug
9484,20701,Altrenogest,DB11372,DrugBank,drug
9485,20702,Robenacoxib,DB11455,DrugBank,drug
9486,20703,Tepoxalin,DB11466,DrugBank,drug
9487,20704,Cloprostenol,DB11507,DrugBank,drug
9488,20705,Flunixin,DB11518,DrugBank,drug
9489,20706,Rusalatide acetate,DB11668,DrugBank,drug
9490,20707,Hyodeoxycholic Acid,DB11789,DrugBank,drug
9491,20708,Flomoxef,DB11935,DrugBank,drug
9492,20709,Letaxaban,DB11984,DrugBank,drug
9493,20710,Triptolide,DB12025,DrugBank,drug
9494,20711,Darexaban,DB12289,DrugBank,drug
9495,20712,Ifetroban,DB12321,DrugBank,drug
9496,20713,Vatreptacog alfa,DB12409,DrugBank,drug
9497,20714,Indobufen,DB12545,DrugBank,drug
9498,20715,Monteplase,DB12726,DrugBank,drug
9499,20716,Hydroxytyrosol,DB12771,DrugBank,drug
9500,20717,Factor XIII (human),DB12909,DrugBank,drug
9501,20718,Tinoridine,DB13001,DrugBank,drug
9502,20719,Troxerutin,DB13124,DrugBank,drug
9503,20720,Methallenestril,DB13143,DrugBank,drug
9504,20721,Coagulation factor X human,DB13148,DrugBank,drug
9505,20722,Kallidinogenase,DB13197,DrugBank,drug
9506,20723,Brinase,DB13199,DrugBank,drug
9507,20724,Trenonacog alfa,DB13201,DrugBank,drug
9508,20725,Fentiazac,DB13217,DrugBank,drug
9509,20726,Gestonorone,DB13230,DrugBank,drug
9510,20727,Suxibuzone,DB13232,DrugBank,drug
9511,20728,Alaproclate,DB13233,DrugBank,drug
9512,20729,Cefatrizine,DB13266,DrugBank,drug
9513,20730,Clorindione,DB13275,DrugBank,drug
9514,20731,Bumadizone,DB13286,DrugBank,drug
9515,20732,Ormeloxifene,DB13310,DrugBank,drug
9516,20733,Alminoprofen,DB13314,DrugBank,drug
9517,20734,Picotamide,DB13327,DrugBank,drug
9518,20735,Cloricromen,DB13367,DrugBank,drug
9519,20736,Difenpiramide,DB13371,DrugBank,drug
9520,20737,Epimestrol,DB13386,DrugBank,drug
9521,20738,Linsidomine,DB13400,DrugBank,drug
9522,20739,Nifenazone,DB13407,DrugBank,drug
9523,20740,Moxestrol,DB13418,DrugBank,drug
9524,20741,Mebutizide,DB13430,DrugBank,drug
9525,20742,Lonazolac,DB13432,DrugBank,drug
9526,20743,Tioclomarol,DB13451,DrugBank,drug
9527,20744,Cefcapene,DB13461,DrugBank,drug
9528,20745,Cefodizime,DB13470,DrugBank,drug
9529,20746,Cefsulodin,DB13499,DrugBank,drug
9530,20747,Cefetamet,DB13504,DrugBank,drug
9531,20748,Aloxiprin,DB13509,DrugBank,drug
9532,20749,Buflomedil,DB13510,DrugBank,drug
9533,20750,Propyphenazone,DB13524,DrugBank,drug
9534,20751,Cyclopenthiazide,DB13532,DrugBank,drug
9535,20752,Methylestrenolone,DB13533,DrugBank,drug
9536,20753,Guacetisal,DB13538,DrugBank,drug
9537,20754,Ethenzamide,DB13544,DrugBank,drug
9538,20755,Norgestrienone,DB13563,DrugBank,drug
9539,20756,Carbaspirin calcium,DB13612,DrugBank,drug
9540,20757,Melagatran,DB13616,DrugBank,drug
9541,20758,Mofebutazone,DB13629,DrugBank,drug
9542,20759,Cefbuperazone,DB13638,DrugBank,drug
9543,20760,Methylthiouracil,DB13644,DrugBank,drug
9544,20761,Saruplase,DB13646,DrugBank,drug
9545,20762,Proquazone,DB13649,DrugBank,drug
9546,20763,Benorilate,DB13657,DrugBank,drug
9547,20764,Cefozopran,DB13667,DrugBank,drug
9548,20765,Cefpirome,DB13682,DrugBank,drug
9549,20766,Pirprofen,DB13722,DrugBank,drug
9550,20767,Cefazedone,DB13778,DrugBank,drug
9551,20768,Benzylthiouracil,DB13804,DrugBank,drug
9552,20769,Ceftezole,DB13821,DrugBank,drug
9553,20770,Imidazole salicylate,DB13860,DrugBank,drug
9554,20771,Testosterone enantate benzilic acid hydrazone,DB13947,DrugBank,drug
9555,20772,Trestolone acetate,DB13958,DrugBank,drug
9556,20773,Thiosalicylic acid,DB14026,DrugBank,drug
9557,20774,NS-398,DB14060,DrugBank,drug
9558,20775,"(1,2,6,7-3H)Testosterone",DB14093,DrugBank,drug
9559,20776,Tocopherylquinone,DB14094,DrugBank,drug
9560,20777,Beroctocog alfa,DB14473,DrugBank,drug
9561,20778,Calcium cation,DB14577,DrugBank,drug
9562,20779,Quingestanol acetate,DB14679,DrugBank,drug
9563,20780,Cefamandole nafate,DB14725,DrugBank,drug
9564,20781,Dabigatran,DB14726,DrugBank,drug
9565,20782,Flurbiprofen axetil,DB14938,DrugBank,drug
9566,20783,Biochanin A,DB15334,DrugBank,drug
9567,20784,Formononetin,DB15335,DrugBank,drug
9568,20785,Gadodiamide,DB00225,DrugBank,drug
9569,20786,Diatrizoate,DB00271,DrugBank,drug
9570,20787,Gadoteridol,DB00597,DrugBank,drug
9571,20788,Colistimethate,DB01111,DrugBank,drug
9572,20789,Iodixanol,DB01249,DrugBank,drug
9573,20790,Hydrolyzed Cephalothin,DB02247,DrugBank,drug
9574,20791,Cephalothin Group,DB03450,DrugBank,drug
9575,20792,Apramycin,DB04626,DrugBank,drug
9576,20793,Gentamicin C1a,DB04729,DrugBank,drug
9577,20794,Neamine,DB04808,DrugBank,drug
9578,20795,Arbekacin,DB06696,DrugBank,drug
9579,20796,Pyrithione,DB06815,DrugBank,drug
9580,20797,Magaldrate,DB08938,DrugBank,drug
9581,20798,Canrenoic acid,DB09015,DrugBank,drug
9582,20799,Hydroxyethyl Starch,DB09106,DrugBank,drug
9583,20800,Pentastarch,DB09111,DrugBank,drug
9584,20801,Gadoteric acid,DB09132,DrugBank,drug
9585,20802,Iothalamic acid,DB09133,DrugBank,drug
9586,20803,Ioversol,DB09134,DrugBank,drug
9587,20804,Ioxilan,DB09135,DrugBank,drug
9588,20805,Isosulfan blue,DB09136,DrugBank,drug
9589,20806,Iopromide,DB09156,DrugBank,drug
9590,20807,Technetium Tc-99m exametazime,DB09163,DrugBank,drug
9591,20808,Technetium Tc-99m pyrophosphate,DB09165,DrugBank,drug
9592,20809,Piracetam,DB09210,DrugBank,drug
9593,20810,Bisoxatin,DB09219,DrugBank,drug
9594,20811,Idarucizumab,DB09264,DrugBank,drug
9595,20812,Picosulfuric acid,DB09268,DrugBank,drug
9596,20813,Choline C 11,DB09277,DrugBank,drug
9597,20814,Phosphoric acid,DB09394,DrugBank,drug
9598,20815,Octinoxate,DB09496,DrugBank,drug
9599,20816,N-acetyltyrosine,DB11102,DrugBank,drug
9600,20817,Eucalyptus oil,DB11114,DrugBank,drug
9601,20818,Chloroxylenol,DB11121,DrugBank,drug
9602,20819,Oxyquinoline,DB11145,DrugBank,drug
9603,20820,Bicisate,DB11164,DrugBank,drug
9604,20821,Pidotimod,DB11364,DrugBank,drug
9605,20822,Dihydrostreptomycin,DB11512,DrugBank,drug
9606,20823,Hygromycin B,DB11520,DrugBank,drug
9607,20824,Vaborbactam,DB12107,DrugBank,drug
9608,20825,Brincidofovir,DB12151,DrugBank,drug
9609,20826,Canrenone,DB12221,DrugBank,drug
9610,20827,Sisomicin,DB12604,DrugBank,drug
9611,20828,Spiradoline,DB12704,DrugBank,drug
9612,20829,Cicletanine,DB12766,DrugBank,drug
9613,20830,Lafutidine,DB12770,DrugBank,drug
9614,20831,Lavoltidine,DB12884,DrugBank,drug
9615,20832,Nedaplatin,DB13145,DrugBank,drug
9616,20833,Inosine pranobex,DB13156,DrugBank,drug
9617,20834,Oxabolone cipionate,DB13185,DrugBank,drug
9618,20835,Bismuth subnitrate,DB13209,DrugBank,drug
9619,20836,Magnesium silicate,DB13249,DrugBank,drug
9620,20837,Aluminium acetoacetate,DB13280,DrugBank,drug
9621,20838,Hydrotalcite,DB13322,DrugBank,drug
9622,20839,Mefruside,DB13405,DrugBank,drug
9623,20840,Magnesium peroxide,DB13486,DrugBank,drug
9624,20841,Isepamicin,DB13540,DrugBank,drug
9625,20842,Clorexolone,DB13617,DrugBank,drug
9626,20843,Aluminium glycinate,DB13626,DrugBank,drug
9627,20844,Aloglutamol,DB13650,DrugBank,drug
9628,20845,Clofenamide,DB13663,DrugBank,drug
9629,20846,Fenquizone,DB13708,DrugBank,drug
9630,20847,Niperotidine,DB13760,DrugBank,drug
9631,20848,Clopamide,DB13792,DrugBank,drug
9632,20849,Muzolimine,DB13801,DrugBank,drug
9633,20850,Calcium silicate,DB13829,DrugBank,drug
9634,20851,Adefovir,DB13868,DrugBank,drug
9635,20852,Strontium chloride,DB13987,DrugBank,drug
9636,20853,Sodium zirconium cyclosilicate,DB14048,DrugBank,drug
9637,20854,Lithium hydroxide,DB14506,DrugBank,drug
9638,20855,Salvianolic acid A,DB15246,DrugBank,drug
9639,20856,Perflutren,DB00556,DrugBank,drug
9640,20857,Stepronin,DB01423,DrugBank,drug
9641,20858,Castanospermine,DB01816,DrugBank,drug
9642,20859,2-Methoxyethanol,DB02806,DrugBank,drug
9643,20860,G17DT,DB04914,DrugBank,drug
9644,20861,PEV3A,DB05144,DrugBank,drug
9645,20862,INGN 225,DB05325,DrugBank,drug
9646,20863,SRP 299,DB05440,DrugBank,drug
9647,20864,GI-5005,DB05942,DrugBank,drug
9648,20865,Tedisamil,DB06200,DrugBank,drug
9649,20866,Tucidinostat,DB06334,DrugBank,drug
9650,20867,Vitespen,DB06400,DrugBank,drug
9651,20868,Abetimus,DB06662,DrugBank,drug
9652,20869,Barbexaclone,DB09001,DrugBank,drug
9653,20870,Anthrax immune globulin human,DB09057,DrugBank,drug
9654,20871,Antilymphocyte immunoglobulin (horse),DB09312,DrugBank,drug
9655,20872,"Rabies virus inactivated antigen, B",DB10062,DrugBank,drug
9656,20873,Haemophilus influenzae type B strain 1482 capsular polysaccharide tetanus toxoid conjugate antigen,DB10076,DrugBank,drug
9657,20874,Rotavirus vaccine,DB10276,DrugBank,drug
9658,20875,"Rabies virus inactivated antigen, A",DB10283,DrugBank,drug
9659,20876,Rubella virus vaccine,DB10317,DrugBank,drug
9660,20877,Varicella Zoster Vaccine (Live/attenuated),DB10318,DrugBank,drug
9661,20878,Haemophilus influenzae type B capsular polysaccharide meningococcal outer membrane protein conjugate antigen,DB10342,DrugBank,drug
9662,20879,Bacillus calmette-guerin substrain tice live antigen,DB10343,DrugBank,drug
9663,20880,Clostridium tetani toxoid antigen (formaldehyde inactivated),DB10583,DrugBank,drug
9664,20881,Corynebacterium diphtheriae toxoid antigen (formaldehyde inactivated),DB10584,DrugBank,drug
9665,20882,Influenza A virus A/California/7/2009 X-181 (H1N1) antigen (propiolactone inactivated),DB10600,DrugBank,drug
9666,20883,Japanese encephalitis virus strain sa 14-14-2 antigen (formaldehyde inactivated),DB10769,DrugBank,drug
9667,20884,Influenza B virus B/Brisbane/60/2008 antigen (formaldehyde inactivated),DB10794,DrugBank,drug
9668,20885,Typhoid Vi polysaccharide vaccine,DB10803,DrugBank,drug
9669,20886,Bacillus calmette-guerin substrain connaught live antigen,DB10804,DrugBank,drug
9670,20887,Yellow Fever Vaccine,DB10805,DrugBank,drug
9671,20888,Hepatitis A Vaccine,DB10989,DrugBank,drug
9672,20889,Haemophilus influenzae type B strain 20752 capsular polysaccharide tetanus toxoid conjugate antigen,DB10990,DrugBank,drug
9673,20890,Anthrax vaccine,DB11003,DrugBank,drug
9674,20891,Influenza A virus A/Brisbane/59/2007(H1N1) hemagglutinin antigen (propiolactone inactivated),DB11038,DrugBank,drug
9675,20892,Influenza B virus B/Brisbane/60/2008 hemagglutinin antigen (propiolactone inactivated),DB11040,DrugBank,drug
9676,20893,Influenza A virus A/California/7/2009 X-181 (H1N1) hemagglutinin antigen (propiolactone inactivated),DB11041,DrugBank,drug
9677,20894,Influenza B virus B/Brisbane/60/2008 antigen (propiolactone inactivated),DB11044,DrugBank,drug
9678,20895,Typhoid Vaccine Live,DB11050,DrugBank,drug
9679,20896,Coumaphos,DB11390,DrugBank,drug
9680,20897,Famphur,DB11408,DrugBank,drug
9681,20898,Fenthion,DB11412,DrugBank,drug
9682,20899,Phosmet,DB11448,DrugBank,drug
9683,20900,Human rabies virus immune globulin,DB11603,DrugBank,drug
9684,20901,Pirarubicin,DB11616,DrugBank,drug
9685,20902,Hepatitis B Vaccine (Recombinant),DB11627,DrugBank,drug
9686,20903,Peficitinib,DB11708,DrugBank,drug
9687,20904,Sirukumab,DB11803,DrugBank,drug
9688,20905,Entinostat,DB11841,DrugBank,drug
9689,20906,CUDC-907,DB11891,DrugBank,drug
9690,20907,CUDC-101,DB12174,DrugBank,drug
9691,20908,Temefos,DB12231,DrugBank,drug
9692,20909,Simendan,DB12286,DrugBank,drug
9693,20910,Ricolinostat,DB12376,DrugBank,drug
9694,20911,Bacillus calmette-guerin substrain danish 1331 live antigen,DB12386,DrugBank,drug
9695,20912,Lobucavir,DB12531,DrugBank,drug
9696,20913,Tecemotide,DB12568,DrugBank,drug
9697,20914,Mizoribine,DB12617,DrugBank,drug
9698,20915,Givinostat,DB12645,DrugBank,drug
9699,20916,Gusperimus,DB12692,DrugBank,drug
9700,20917,BCG vaccine,DB12768,DrugBank,drug
9701,20918,Oxatomide,DB12877,DrugBank,drug
9702,20919,Trofosfamide,DB12902,DrugBank,drug
9703,20920,Cafedrine,DB12926,DrugBank,drug
9704,20921,Theodrenaline,DB12927,DrugBank,drug
9705,20922,Doxifluridine,DB12947,DrugBank,drug
9706,20923,Deoxyspergualin,DB12991,DrugBank,drug
9707,20924,Acteoside,DB12996,DrugBank,drug
9708,20925,9-(N-methyl-L-isoleucine)-cyclosporin A,DB13068,DrugBank,drug
9709,20926,Fluocortin,DB13223,DrugBank,drug
9710,20927,Begelomab,DB13241,DrugBank,drug
9711,20928,Sultopride,DB13273,DrugBank,drug
9712,20929,Cibenzoline,DB13358,DrugBank,drug
9713,20930,Fluperolone,DB13491,DrugBank,drug
9714,20931,Nizofenone,DB13546,DrugBank,drug
9715,20932,Prajmaline,DB13555,DrugBank,drug
9716,20933,Lorajmine,DB13651,DrugBank,drug
9717,20934,Bunaftine,DB13652,DrugBank,drug
9718,20935,Lorcainide,DB13653,DrugBank,drug
9719,20936,Acetyldigoxin,DB13691,DrugBank,drug
9720,20937,Elcatonin,DB13742,DrugBank,drug
9721,20938,Piromidic acid,DB13744,DrugBank,drug
9722,20939,Fluclorolone,DB13856,DrugBank,drug
9723,20940,Varicella Zoster Vaccine (Recombinant),DB13924,DrugBank,drug
9724,20941,Typhoid vaccine,DB14022,DrugBank,drug
9725,20942,Monomethyl fumarate,DB14219,DrugBank,drug
9726,20943,Influenza A virus A/Victoria/210/2009 X-187 (H3N2) hemagglutinin antigen (formaldehyde inactivated),DB14384,DrugBank,drug
9727,20944,Influenza B virus B/Brisbane/60/2008 hemagglutinin antigen (formaldehyde inactivated),DB14385,DrugBank,drug
9728,20945,Influenza A virus A/California/7/2009 (H1N1) live (attenuated) antigen,DB14394,DrugBank,drug
9729,20946,Human adenovirus e serotype 4 strain cl-68578 antigen,DB14409,DrugBank,drug
9730,20947,Vibrio cholerae CVD 103-HgR strain live antigen,DB14443,DrugBank,drug
9731,20948,Influenza A virus A/Victoria/210/2009 X-187 (H3N2) antigen (formaldehyde inactivated),DB14445,DrugBank,drug
9732,20949,Influenza A virus A/Perth/16/2009 (H3N2) live (attenuated) antigen,DB14449,DrugBank,drug
9733,20950,Influenza A virus A/Uruguay/716/2007(H3N2) antigen (propiolactone inactivated),DB14619,DrugBank,drug
9734,20951,Influenza A virus A/Brisbane/59/2007(H1N1) antigen (propiolactone inactivated),DB14620,DrugBank,drug
9735,20952,Adenovirus type 7 vaccine live,DB14685,DrugBank,drug
9736,20953,Vaccinia virus strain new york city board of health live antigen,DB14711,DrugBank,drug
9737,20954,Rozanolixizumab,DB14919,DrugBank,drug
9738,20955,Bleselumab,DB15253,DrugBank,drug
9739,20956,Thyrotropin,DB15263,DrugBank,drug
9740,20957,Pertussis vaccine,DB15274,DrugBank,drug
9741,20958,Yersinia pestis 195/p antigen (formaldehyde inactivated),DB15461,DrugBank,drug
9742,20959,Modified vaccinia ankara,DB15483,DrugBank,drug
9743,20960,"Ebola Zaire vaccine (live, attenuated)",DB15595,DrugBank,drug
9744,20961,mRNA-1273,DB15654,DrugBank,drug
9745,20962,Colestipol,DB00375,DrugBank,drug
9746,20963,Bentoquatam,DB00516,DrugBank,drug
9747,20964,Kaolin,DB01575,DrugBank,drug
9748,20965,Zinc picolinate,DB11175,DrugBank,drug
9749,20966,Aluminum sulfate,DB11239,DrugBank,drug
9750,20967,Bentonite,DB11306,DrugBank,drug
9751,20968,Magnesium aspartate,DB13359,DrugBank,drug
9752,20969,Montmorillonite,DB13654,DrugBank,drug
9753,20970,Magnesium orotate,DB13786,DrugBank,drug
9754,20971,Acetylcysteine zinc,DB14479,DrugBank,drug
9755,20972,Zinc ascorbate,DB14485,DrugBank,drug
9756,20973,Zinc glycinate,DB14493,DrugBank,drug
9757,20974,Zinc cation,DB14532,DrugBank,drug
9758,20975,Etofibrate,DB08983,DrugBank,drug
9759,20976,Simfibrate,DB13433,DrugBank,drug
9760,20977,Ronifibrate,DB13460,DrugBank,drug
9761,20978,Aluminium clofibrate,DB13780,DrugBank,drug
9762,20979,Clofibride,DB13849,DrugBank,drug
9763,20980,Dihydroetorphine,DB01450,DrugBank,drug
9764,20981,Bezitramide,DB01459,DrugBank,drug
9765,20982,Dextromoramide,DB01529,DrugBank,drug
9766,20983,Desomorphine,DB01531,DrugBank,drug
9767,20984,Alphacetylmethadol,DB01555,DrugBank,drug
9768,20985,Dexetimide,DB08997,DrugBank,drug
9769,20986,Chlorphenoxamine,DB09007,DrugBank,drug
9770,20987,Benactyzine,DB09023,DrugBank,drug
9771,20988,Lofentanil,DB09174,DrugBank,drug
9772,20989,Polycarbophil,DB09311,DrugBank,drug
9773,20990,Mineral oil,DB11057,DrugBank,drug
9774,20991,Plantago seed,DB11097,DrugBank,drug
9775,20992,Magnesium glycinate,DB11189,DrugBank,drug
9776,20993,Methylcellulose,DB11228,DrugBank,drug
9777,20994,Normethadone,DB11609,DrugBank,drug
9778,20995,Piritramide,DB12492,DrugBank,drug
9779,20996,Batefenterol,DB12526,DrugBank,drug
9780,20997,Tropatepine,DB13252,DrugBank,drug
9781,20998,Prifinium,DB13254,DrugBank,drug
9782,20999,Piperidolate,DB13351,DrugBank,drug
9783,21000,Benzilone,DB13369,DrugBank,drug
9784,21001,Difemerine,DB13380,DrugBank,drug
9785,21002,Phenglutarimide,DB13413,DrugBank,drug
9786,21003,Mazaticol,DB13448,DrugBank,drug
9787,21004,Nicomorphine,DB13454,DrugBank,drug
9788,21005,Etybenzatropine,DB13468,DrugBank,drug
9789,21006,Meptazinol,DB13478,DrugBank,drug
9790,21007,Emepronium,DB13505,DrugBank,drug
9791,21008,Bevonium,DB13542,DrugBank,drug
9792,21009,Gallamine,DB13584,DrugBank,drug
9793,21010,Phenoperidine,DB13605,DrugBank,drug
9794,21011,Phenazocine,DB13606,DrugBank,drug
9795,21012,Bornaprine,DB13619,DrugBank,drug
9796,21013,Etanautine,DB13636,DrugBank,drug
9797,21014,Alcuronium,DB13648,DrugBank,drug
9798,21015,Tiemonium iodide,DB13666,DrugBank,drug
9799,21016,Dihexyverine,DB13678,DrugBank,drug
9800,21017,Sodium tartrate,DB13707,DrugBank,drug
9801,21018,Camylofin,DB13738,DrugBank,drug
9802,21019,Fenpiverinium,DB13759,DrugBank,drug
9803,21020,Emetonium iodide,DB13769,DrugBank,drug
9804,21021,Tilidine,DB13787,DrugBank,drug
9805,21022,Pipenzolate,DB13844,DrugBank,drug
9806,21023,Timepidium,DB13850,DrugBank,drug
9807,21024,Deacetylbisacodyl,DB14232,DrugBank,drug
9808,21025,Sodium ascorbate,DB14482,DrugBank,drug
9809,21026,"Sodium phosphate, dibasic, unspecified form",DB14504,DrugBank,drug
9810,21027,Sodium cation,DB14516,DrugBank,drug
9811,21028,Sulfate ion,DB14546,DrugBank,drug
9812,21029,Plantago ovata seed,DB14585,DrugBank,drug
9813,21030,Calcium polycarbophil,DB14684,DrugBank,drug
9814,21031,Konjac mannan,DB14963,DrugBank,drug
9815,21032,"Carfentanil, C-11",DB15360,DrugBank,drug
9816,21033,Benzhydrocodone,DB15465,DrugBank,drug
9817,21034,Alloin,DB15477,DrugBank,drug
9818,21035,Frangula purshiana bark,DB15478,DrugBank,drug
9819,21036,Resolvin E1,DB13105,DrugBank,drug
9820,21037,Indium In-111 satumomab pendetide,DB00057,DrugBank,drug
9821,21038,Digoxin Immune Fab (Ovine),DB00076,DrugBank,drug
9822,21039,Dexpropranolol,DB03322,DrugBank,drug
9823,21040,Pexelizumab,DB04949,DrugBank,drug
9824,21041,Bectumomab,DB04962,DrugBank,drug
9825,21042,Adecatumumab,DB05006,DrugBank,drug
9826,21043,Bavituximab,DB05136,DrugBank,drug
9827,21044,Rozrolimupab,DB05209,DrugBank,drug
9828,21045,XTL-001,DB05405,DrugBank,drug
9829,21046,NAV 1800,DB05437,DrugBank,drug
9830,21047,Otelixizumab,DB05496,DrugBank,drug
9831,21048,AMG 108,DB05545,DrugBank,drug
9832,21049,Iratumumab,DB05550,DrugBank,drug
9833,21050,Enokizumab,DB05555,DrugBank,drug
9834,21051,Veltuzumab,DB05656,DrugBank,drug
9835,21052,IPH 2101,DB06049,DrugBank,drug
9836,21053,Nimotuzumab,DB06192,DrugBank,drug
9837,21054,BIIB015,DB06304,DrugBank,drug
9838,21055,Sonepcizumab,DB06305,DrugBank,drug
9839,21056,Motavizumab,DB06310,DrugBank,drug
9840,21057,Diethylnorspermine,DB06445,DrugBank,drug
9841,21058,Apolizumab,DB06467,DrugBank,drug
9842,21059,Lerdelimumab,DB06557,DrugBank,drug
9843,21060,Teplizumab,DB06606,DrugBank,drug
9844,21061,Volociximab,DB06647,DrugBank,drug
9845,21062,Tetanus Immune Globulin,DB11604,DrugBank,drug
9846,21063,Human Varicella-Zoster Immune Globulin,DB11621,DrugBank,drug
9847,21064,Conatumumab,DB11646,DrugBank,drug
9848,21065,Tabalumab,DB11657,DrugBank,drug
9849,21066,Ficlatuzumab,DB11680,DrugBank,drug
9850,21067,Figitumumab,DB11685,DrugBank,drug
9851,21068,Bapineuzumab,DB11715,DrugBank,drug
9852,21069,Angiotensin 1-7,DB11720,DrugBank,drug
9853,21070,Onartuzumab,DB11746,DrugBank,drug
9854,21071,Solanezumab,DB11756,DrugBank,drug
9855,21072,Lampalizumab,DB11826,DrugBank,drug
9856,21073,Dalotuzumab,DB11840,DrugBank,drug
9857,21074,Emibetuzumab,DB11849,DrugBank,drug
9858,21075,Ublituximab,DB11850,DrugBank,drug
9859,21076,Ligelizumab,DB11856,DrugBank,drug
9860,21077,Seribantumab,DB11857,DrugBank,drug
9861,21078,Landogrozumab,DB11862,DrugBank,drug
9862,21079,Vadastuximab Talirine,DB11884,DrugBank,drug
9863,21080,Varlilumab,DB11930,DrugBank,drug
9864,21081,Crenezumab,DB11959,DrugBank,drug
9865,21082,Rilotumumab,DB11972,DrugBank,drug
9866,21083,Anifrolumab,DB11976,DrugBank,drug
9867,21084,Gantenerumab,DB12034,DrugBank,drug
9868,21085,Visilizumab,DB12053,DrugBank,drug
9869,21086,BQ-123,DB12054,DrugBank,drug
9870,21087,Patritumab,DB12090,DrugBank,drug
9871,21088,Fulranumab,DB12102,DrugBank,drug
9872,21089,Tarextumab,DB12104,DrugBank,drug
9873,21090,Duligotuzumab,DB12142,DrugBank,drug
9874,21091,Simtuzumab,DB12152,DrugBank,drug
9875,21092,Fasinumab,DB12157,DrugBank,drug
9876,21093,Tralokinumab,DB12169,DrugBank,drug
9877,21094,Etrolizumab,DB12189,DrugBank,drug
9878,21095,Ganitumab,DB12205,DrugBank,drug
9879,21096,Etaracizumab,DB12213,DrugBank,drug
9880,21097,Inclacumab,DB12246,DrugBank,drug
9881,21098,Ascrinvacumab,DB12261,DrugBank,drug
9882,21099,Aducanumab,DB12274,DrugBank,drug
9883,21100,GS-5745,DB12296,DrugBank,drug
9884,21101,Vanucizumab,DB12317,DrugBank,drug
9885,21102,Labetuzumab govitecan,DB12331,DrugBank,drug
9886,21103,Tanezumab,DB12335,DrugBank,drug
9887,21104,Ensituximab,DB12342,DrugBank,drug
9888,21105,Fezakinumab,DB12344,DrugBank,drug
9889,21106,Dusigitumab,DB12363,DrugBank,drug
9890,21107,Fresolimumab,DB12396,DrugBank,drug
9891,21108,Indusatumab vedotin,DB12413,DrugBank,drug
9892,21109,Bococizumab,DB12456,DrugBank,drug
9893,21110,Promestriene,DB12487,DrugBank,drug
9894,21111,Mavrilimumab,DB12534,DrugBank,drug
9895,21112,Blosozumab,DB12560,DrugBank,drug
9896,21113,Bimagrumab,DB12584,DrugBank,drug
9897,21114,Tovetumab,DB12609,DrugBank,drug
9898,21115,Lumretuzumab,DB12683,DrugBank,drug
9899,21116,Intetumumab,DB12701,DrugBank,drug
9900,21117,Carlumab,DB12718,DrugBank,drug
9901,21118,Demcizumab,DB12734,DrugBank,drug
9902,21119,Abituzumab,DB12775,DrugBank,drug
9903,21120,Ecromeximab,DB12797,DrugBank,drug
9904,21121,Naptumomab Estafenatox,DB12807,DrugBank,drug
9905,21122,Crotedumab,DB12815,DrugBank,drug
9906,21123,Concizumab,DB12820,DrugBank,drug
9907,21124,Depatuxizumab,DB12826,DrugBank,drug
9908,21125,Rontalizumab,DB12844,DrugBank,drug
9909,21126,Clazakizumab,DB12849,DrugBank,drug
9910,21127,Ozanezumab,DB12891,DrugBank,drug
9911,21128,Bimekizumab,DB12917,DrugBank,drug
9912,21129,Milatuzumab,DB12943,DrugBank,drug
9913,21130,Robatumumab,DB12976,DrugBank,drug
9914,21131,Rovalpituzumab Tesirine,DB13017,DrugBank,drug
9915,21132,Namilumab,DB13037,DrugBank,drug
9916,21133,Racotumomab,DB13045,DrugBank,drug
9917,21134,Tregalizumab,DB13073,DrugBank,drug
9918,21135,Olokizumab,DB13127,DrugBank,drug
9919,21136,Guanoxan,DB13211,DrugBank,drug
9920,21137,Edrecolomab,DB13375,DrugBank,drug
9921,21138,Guanoxabenz,DB13410,DrugBank,drug
9922,21139,Tolonidine,DB13429,DrugBank,drug
9923,21140,Cadralazine,DB13452,DrugBank,drug
9924,21141,Nebacumab,DB13535,DrugBank,drug
9925,21142,Bietaserpine,DB13575,DrugBank,drug
9926,21143,Guanazodine,DB13604,DrugBank,drug
9927,21144,Methoserpidine,DB13631,DrugBank,drug
9928,21145,Guanoclor,DB13779,DrugBank,drug
9929,21146,Human cytomegalovirus immune globulin,DB13886,DrugBank,drug
9930,21147,Sulesomab,DB13976,DrugBank,drug
9931,21148,Besilesomab,DB13979,DrugBank,drug
9932,21149,Benazeprilat,DB14125,DrugBank,drug
9933,21150,Fosinoprilat,DB14207,DrugBank,drug
9934,21151,Ramiprilat,DB14208,DrugBank,drug
9935,21152,Fanolesomab,DB14211,DrugBank,drug
9936,21153,Perindoprilat,DB14213,DrugBank,drug
9937,21154,Quinaprilat,DB14217,DrugBank,drug
9938,21155,Lecanemab,DB14580,DrugBank,drug
9939,21156,Setrusumab,DB14778,DrugBank,drug
9940,21157,Gancotamab,DB14784,DrugBank,drug
9941,21158,Anetumab ravtansine,DB14809,DrugBank,drug
9942,21159,Icrucumab,DB14824,DrugBank,drug
9943,21160,Codrituzumab,DB14843,DrugBank,drug
9944,21161,Xentuzumab,DB14871,DrugBank,drug
9945,21162,Lintuzumab,DB14877,DrugBank,drug
9946,21163,Vobarilizumab,DB14891,DrugBank,drug
9947,21164,Parsatuzumab,DB14897,DrugBank,drug
9948,21165,Emactuzumab,DB14905,DrugBank,drug
9949,21166,Bevacizumab zirconium Zr-89,DB14907,DrugBank,drug
9950,21167,Refanezumab,DB14908,DrugBank,drug
9951,21168,Bermekimab,DB14947,DrugBank,drug
9952,21169,Pamrevlumab,DB14952,DrugBank,drug
9953,21170,Opicinumab,DB14959,DrugBank,drug
9954,21171,Dalantercept,DB14988,DrugBank,drug
9955,21172,Pateclizumab,DB14997,DrugBank,drug
9956,21173,Gremubamab,DB15014,DrugBank,drug
9957,21174,Apomab,DB15022,DrugBank,drug
9958,21175,Ipafricept,DB15045,DrugBank,drug
9959,21176,Abrilumab,DB15076,DrugBank,drug
9960,21177,Frovocimab,DB15089,DrugBank,drug
9961,21178,Tezepelumab,DB15090,DrugBank,drug
9962,21179,Tigatuzumab,DB15101,DrugBank,drug
9963,21180,Telisotuzumab vedotin,DB15104,DrugBank,drug
9964,21181,Utomilumab,DB15113,DrugBank,drug
9965,21182,Zolbetuximab,DB15118,DrugBank,drug
9966,21183,Ponezumab,DB15135,DrugBank,drug
9967,21184,Asunercept,DB15160,DrugBank,drug
9968,21185,Suvratoxumab,DB15172,DrugBank,drug
9969,21186,Mitazalimab,DB15225,DrugBank,drug
9970,21187,Nemolizumab,DB15252,DrugBank,drug
9971,21188,Imlifidase,DB15258,DrugBank,drug
9972,21189,Gedivumab,DB15277,DrugBank,drug
9973,21190,Valanafusp alfa,DB15336,DrugBank,drug
9974,21191,Sofituzumab vedotin,DB15349,DrugBank,drug
9975,21192,Evinacumab,DB15354,DrugBank,drug
9976,21193,Istiratumab,DB15363,DrugBank,drug
9977,21194,Pidilizumab,DB15383,DrugBank,drug
9978,21195,GMA-161,DB15397,DrugBank,drug
9979,21196,Ladiratuzumab vedotin,DB15409,DrugBank,drug
9980,21197,Tomaralimab,DB15415,DrugBank,drug
9981,21198,Vesencumab,DB15428,DrugBank,drug
9982,21199,Pinatuzumab vedotin,DB15432,DrugBank,drug
9983,21200,Lulizumab pegol,DB15441,DrugBank,drug
9984,21201,Lorukafusp alfa,DB15443,DrugBank,drug
9985,21202,Naratuximab emtansine,DB15453,DrugBank,drug
9986,21203,Zenocutuzumab,DB15559,DrugBank,drug
9987,21204,Oxaprotiline,DB09307,DrugBank,drug
9988,21205,Amitriptylinoxide,DB13114,DrugBank,drug
9989,21206,Dibenzepin,DB13225,DrugBank,drug
9990,21207,Quinupramine,DB13246,DrugBank,drug
9991,21208,Melitracen,DB13384,DrugBank,drug
9992,21209,Iprindole,DB13496,DrugBank,drug
9993,21210,Imipramine oxide,DB13782,DrugBank,drug
9994,21211,Calcium ascorbate,DB14483,DrugBank,drug
9995,21212,Niacinamide ascorbate,DB14486,DrugBank,drug
9996,21213,NBI-6024,DB05819,DrugBank,drug
9997,21214,Benfluorex,DB09022,DrugBank,drug
9998,21215,Garlic,DB10532,DrugBank,drug
9999,21216,Allicin,DB11780,DrugBank,drug
10000,21217,"2,4-thiazolidinedione",DB11898,DrugBank,drug
10001,21218,Carmegliptin,DB12268,DrugBank,drug
10002,21219,Remogliflozin etabonate,DB12935,DrugBank,drug
10003,21220,Metildigoxin,DB13401,DrugBank,drug
10004,21221,Guar gum,DB13446,DrugBank,drug
10005,21222,Taspoglutide,DB14027,DrugBank,drug
10006,21223,Englitazone,DB14035,DrugBank,drug
10007,21224,Tirzepatide,DB15171,DrugBank,drug
10008,21225,Gastric inhibitory polypeptide,DB15217,DrugBank,drug
10009,21226,Trandolaprilat,DB14209,DrugBank,drug
10010,21227,Moexiprilat,DB14210,DrugBank,drug
10011,21228,Quinoline Yellow WS,DB14231,DrugBank,drug
10012,21229,Xanomeline,DB15357,DrugBank,drug
10013,21230,Paclitaxel trevatide,DB06171,DrugBank,drug
10014,21231,Nitrous oxide,DB06690,DrugBank,drug
10015,21232,Oleandrin,DB12843,DrugBank,drug
10016,21233,Cymarin,DB13240,DrugBank,drug
10017,21234,Proscillaridin,DB13307,DrugBank,drug
10018,21235,Lanatoside C,DB13467,DrugBank,drug
10019,21236,Gitoformate,DB13537,DrugBank,drug
10020,21237,Peruvoside,DB13756,DrugBank,drug
10021,21238,Paclitaxel poliglumex,DB13809,DrugBank,drug
10022,21239,Lymecycline,DB00256,DrugBank,drug
10023,21240,Clomocycline,DB00453,DrugBank,drug
10024,21241,Sulfametopyrazine,DB00664,DrugBank,drug
10025,21242,Rolitetracycline,DB01301,DrugBank,drug
10026,21243,Josamycin,DB01321,DrugBank,drug
10027,21244,"4-Bromo-2,5-dimethoxyamphetamine",DB01484,DrugBank,drug
10028,21245,Dichloralphenazone,DB01495,DrugBank,drug
10029,21246,Tenamfetamine,DB01509,DrugBank,drug
10030,21247,Chlorhexadol,DB01534,DrugBank,drug
10031,21248,Drotebanol,DB01547,DrugBank,drug
10032,21249,Cathinone,DB01560,DrugBank,drug
10033,21250,"7,9-Dimethylguanine",DB01978,DrugBank,drug
10034,21251,7-Deazaguanine,DB02245,DrugBank,drug
10035,21252,Oxitriptan,DB02959,DrugBank,drug
10036,21253,Valpromide,DB04165,DrugBank,drug
10037,21254,Tramiprosate,DB06527,DrugBank,drug
10038,21255,Ocinaplon,DB06529,DrugBank,drug
10039,21256,Valomaciclovir,DB06575,DrugBank,drug
10040,21257,Dextofisopam,DB06582,DrugBank,drug
10041,21258,Taranabant,DB06624,DrugBank,drug
10042,21259,Triclofos,DB06753,DrugBank,drug
10043,21260,Mebutamate,DB06797,DrugBank,drug
10044,21261,Sulfameter,DB06821,DrugBank,drug
10045,21262,Unoprostone,DB06826,DrugBank,drug
10046,21263,Viomycin,DB06827,DrugBank,drug
10047,21264,Etifoxine,DB08986,DrugBank,drug
10048,21265,Cyclopentamine,DB08999,DrugBank,drug
10049,21266,Cyamemazine,DB09000,DrugBank,drug
10050,21267,Beclamide,DB09011,DrugBank,drug
10051,21268,Benzoctamine,DB09021,DrugBank,drug
10052,21269,Edivoxetine,DB09184,DrugBank,drug
10053,21270,Lortalamine,DB09187,DrugBank,drug
10054,21271,Talopram,DB09190,DrugBank,drug
10055,21272,Brilaroxazine,DB09226,DrugBank,drug
10056,21273,Magnesium Aluminum Silicate,DB11230,DrugBank,drug
10057,21274,Alfaxalone,DB11371,DrugBank,drug
10058,21275,Azaperone,DB11376,DrugBank,drug
10059,21276,Clorsulon,DB11389,DrugBank,drug
10060,21277,Sulfachlorpyridazine,DB11461,DrugBank,drug
10061,21278,Sulfaethoxypyridazine,DB11462,DrugBank,drug
10062,21279,Sulfanitran,DB11463,DrugBank,drug
10063,21280,Sulfaquinoxaline,DB11464,DrugBank,drug
10064,21281,Propiopromazine,DB11540,DrugBank,drug
10065,21282,Romifidine,DB11543,DrugBank,drug
10066,21283,Tiletamine,DB11549,DrugBank,drug
10067,21284,Tricaine,DB11552,DrugBank,drug
10068,21285,Zolazepam,DB11555,DrugBank,drug
10069,21286,Detomidine,DB11556,DrugBank,drug
10070,21287,Psilocybin,DB11664,DrugBank,drug
10071,21288,Mosapride,DB11675,DrugBank,drug
10072,21289,Iferanserin,DB11686,DrugBank,drug
10073,21290,Etiracetam,DB11868,DrugBank,drug
10074,21291,Lanicemine,DB11889,DrugBank,drug
10075,21292,GW842166,DB11903,DrugBank,drug
10076,21293,Idalopirdine,DB11957,DrugBank,drug
10077,21294,Setrobuvir,DB12051,DrugBank,drug
10078,21295,Vabicaserin,DB12071,DrugBank,drug
10079,21296,Imagabalin,DB12105,DrugBank,drug
10080,21297,MK-212,DB12111,DrugBank,drug
10081,21298,Ajulemic acid,DB12193,DrugBank,drug
10082,21299,Cerlapirdine,DB12229,DrugBank,drug
10083,21300,Ecopipam,DB12273,DrugBank,drug
10084,21301,Eltanolone,DB12308,DrugBank,drug
10085,21302,Salvinorin A,DB12327,DrugBank,drug
10086,21303,Carisbamate,DB12338,DrugBank,drug
10087,21304,Piclozotan,DB12361,DrugBank,drug
10088,21305,Esreboxetine,DB12395,DrugBank,drug
10089,21306,Bromperidol,DB12401,DrugBank,drug
10090,21307,Orvepitant,DB12427,DrugBank,drug
10091,21308,GLPG-0492,DB12461,DrugBank,drug
10092,21309,AZD-3043,DB12576,DrugBank,drug
10093,21310,Indiplon,DB12590,DrugBank,drug
10094,21311,Ibipinabant,DB12649,DrugBank,drug
10095,21312,TD-8954,DB12725,DrugBank,drug
10096,21313,Eltoprazine,DB12883,DrugBank,drug
10097,21314,Chlorsulfaquinoxaline,DB12921,DrugBank,drug
10098,21315,Pivagabine,DB12951,DrugBank,drug
10099,21316,Prothipendyl,DB12958,DrugBank,drug
10100,21317,Neosaxitoxin,DB12989,DrugBank,drug
10101,21318,Surinabant,DB13070,DrugBank,drug
10102,21319,Nefiracetam,DB13082,DrugBank,drug
10103,21320,Valnoctamide,DB13099,DrugBank,drug
10104,21321,Butaperazine,DB13213,DrugBank,drug
10105,21322,Sulfadicramide,DB13214,DrugBank,drug
10106,21323,Medifoxamine,DB13219,DrugBank,drug
10107,21324,Apronalide,DB13221,DrugBank,drug
10108,21325,Propanidid,DB13234,DrugBank,drug
10109,21326,Phthalylsulfathiazole,DB13248,DrugBank,drug
10110,21327,Proxibarbal,DB13253,DrugBank,drug
10111,21328,Clothiapine,DB13256,DrugBank,drug
10112,21329,Penimepicycline,DB13264,DrugBank,drug
10113,21330,Sulfaisodimidine,DB13283,DrugBank,drug
10114,21331,Febarbamate,DB13303,DrugBank,drug
10115,21332,Sulfaperin,DB13320,DrugBank,drug
10116,21333,Trichloroethylene,DB13323,DrugBank,drug
10117,21334,Tetrazepam,DB13324,DrugBank,drug
10118,21335,Pyrithyldione,DB13331,DrugBank,drug
10119,21336,Deanol,DB13352,DrugBank,drug
10120,21337,Phenprobamate,DB13354,DrugBank,drug
10121,21338,Styramate,DB13357,DrugBank,drug
10122,21339,Pheneturide,DB13362,DrugBank,drug
10123,21340,Bromisoval,DB13370,DrugBank,drug
10124,21341,Vinbarbital,DB13377,DrugBank,drug
10125,21342,Chlorproethazine,DB13382,DrugBank,drug
10126,21343,Acetylglycinamide chloral hydrate,DB13402,DrugBank,drug
10127,21344,Fenyramidol,DB13414,DrugBank,drug
10128,21345,Thiazinam,DB13420,DrugBank,drug
10129,21346,Phenibut,DB13455,DrugBank,drug
10130,21347,Sulfametomidine,DB13485,DrugBank,drug
10131,21348,Veralipride,DB13523,DrugBank,drug
10132,21349,Gedocarnil,DB13534,DrugBank,drug
10133,21350,Iprazochrome,DB13541,DrugBank,drug
10134,21351,Sulfatolamide,DB13547,DrugBank,drug
10135,21352,Trifluperidol,DB13552,DrugBank,drug
10136,21353,Moperone,DB13554,DrugBank,drug
10137,21354,Sulfamazone,DB13556,DrugBank,drug
10138,21355,Thiopropazate,DB13557,DrugBank,drug
10139,21356,Emylcamate,DB13572,DrugBank,drug
10140,21357,Allobarbital,DB13577,DrugBank,drug
10141,21358,Succinylsulfathiazole,DB13580,DrugBank,drug
10142,21359,Mesterolone,DB13587,DrugBank,drug
10143,21360,Diethyl ether,DB13598,DrugBank,drug
10144,21361,Oxiracetam,DB13601,DrugBank,drug
10145,21362,Fabomotizole,DB13623,DrugBank,drug
10146,21363,Pridinol,DB13642,DrugBank,drug
10147,21364,Hexapropymate,DB13662,DrugBank,drug
10148,21365,Formocortal,DB13664,DrugBank,drug
10149,21366,Fluanisone,DB13665,DrugBank,drug
10150,21367,Niaprazine,DB13687,DrugBank,drug
10151,21368,Vinyl ether,DB13690,DrugBank,drug
10152,21369,Sulfathiourea,DB13699,DrugBank,drug
10153,21370,Sulfaguanidine,DB13726,DrugBank,drug
10154,21371,Cyclobarbital,DB13737,DrugBank,drug
10155,21372,Fazadinium bromide,DB13745,DrugBank,drug
10156,21373,Mephenoxalone,DB13754,DrugBank,drug
10157,21374,Vinylbital,DB13770,DrugBank,drug
10158,21375,Sulfamethoxypyridazine,DB13773,DrugBank,drug
10159,21376,Dixyrazine,DB13784,DrugBank,drug
10160,21377,Reposal,DB13805,DrugBank,drug
10161,21378,Magnesium phosphate,DB13862,DrugBank,drug
10162,21379,Cyclopropane,DB13984,DrugBank,drug
10163,21380,MRK-409,DB13993,DrugBank,drug
10164,21381,Palmidrol,DB14043,DrugBank,drug
10165,21382,Magnesium stearate,DB14077,DrugBank,drug
10166,21383,Salvia miltiorrhiza root,DB14337,DrugBank,drug
10167,21384,Loteprednol,DB00873,DrugBank,drug
10168,21385,Methylprednisolone aceponate,DB14643,DrugBank,drug
10169,21386,Perphenazine enanthate,DB14651,DrugBank,drug
10170,21387,Pyrazolam,DB14718,DrugBank,drug
10171,21388,Cannabinol,DB14737,DrugBank,drug
10172,21389,PCS-499,DB15122,DrugBank,drug
10173,21390,JNJ-26489112,DB15203,DrugBank,drug
10174,21391,"2,5-Dimethoxy-4-ethylamphetamine",DB01467,DrugBank,drug
10175,21392,Methylenedioxyethamphetamine,DB01566,DrugBank,drug
10176,21393,"1,10-Phenanthroline",DB02365,DrugBank,drug
10177,21394,Saralasin,DB06763,DrugBank,drug
10178,21395,Adrafinil,DB08925,DrugBank,drug
10179,21396,Hexoprenaline,DB08957,DrugBank,drug
10180,21397,Etilefrine,DB08985,DrugBank,drug
10181,21398,Cimetropium,DB09271,DrugBank,drug
10182,21399,Iofetamine I-123,DB09480,DrugBank,drug
10183,21400,Secretin porcine,DB09527,DrugBank,drug
10184,21401,Amitraz,DB11373,DrugBank,drug
10185,21402,Metrifonate,DB11473,DrugBank,drug
10186,21403,Atipamezole,DB11481,DrugBank,drug
10187,21404,PF-00610355,DB11871,DrugBank,drug
10188,21405,Ritobegron,DB12080,DrugBank,drug
10189,21406,Abediterol,DB12100,DrugBank,drug
10190,21407,Dopexamine,DB12313,DrugBank,drug
10191,21408,Acotiamide,DB12482,DrugBank,drug
10192,21409,Idazoxan,DB12551,DrugBank,drug
10193,21410,Higenamine,DB12779,DrugBank,drug
10194,21411,Methanesulfonyl Fluoride,DB13058,DrugBank,drug
10195,21412,Mephedrone,DB13108,DrugBank,drug
10196,21413,Octopamine,DB13251,DrugBank,drug
10197,21414,Fenozolone,DB13341,DrugBank,drug
10198,21415,Norfenefrine,DB13378,DrugBank,drug
10199,21416,Oxyfedrine,DB13398,DrugBank,drug
10200,21417,Xenon,DB13453,DrugBank,drug
10201,21418,Paraoxon,DB13495,DrugBank,drug
10202,21419,Rimiterol,DB13559,DrugBank,drug
10203,21420,Methoxyphenamine,DB13624,DrugBank,drug
10204,21421,Tiracizine,DB13635,DrugBank,drug
10205,21422,Ethacizine,DB13645,DrugBank,drug
10206,21423,Tretoquinol,DB13692,DrugBank,drug
10207,21424,Gepefrine,DB13703,DrugBank,drug
10208,21425,Hydroquinine,DB13718,DrugBank,drug
10209,21426,Prenalterol,DB13777,DrugBank,drug
10210,21427,Fosfructose,DB13863,DrugBank,drug
10211,21428,Deoxyepinephrine,DB13917,DrugBank,drug
10212,21429,Chloride ion,DB14547,DrugBank,drug
10213,21430,Racephedrine,DB14752,DrugBank,drug
10214,21431,Hydroquinidine,DB15300,DrugBank,drug
10215,21432,Posiphen,DB15317,DrugBank,drug
10216,21433,SOR-C13,DB15366,DrugBank,drug
10217,21434,Mipomersen,DB05528,DrugBank,drug
10218,21435,Propatyl nitrate,DB13255,DrugBank,drug
10219,21436,Methylpropylpropanediol dinitrate,DB13408,DrugBank,drug
10220,21437,Tenitramine,DB13637,DrugBank,drug
10221,21438,Nitrate,DB14049,DrugBank,drug
10222,21439,Hetacillin,DB00739,DrugBank,drug
10223,21440,Amdinocillin,DB01163,DrugBank,drug
10224,21441,Pivampicillin,DB01604,DrugBank,drug
10225,21442,Pivmecillinam,DB01605,DrugBank,drug
10226,21443,4-Oxoretinol,DB02699,DrugBank,drug
10227,21444,Carindacillin,DB09319,DrugBank,drug
10228,21445,Zuretinol acetate,DB12112,DrugBank,drug
10229,21446,Sultamicillin,DB12127,DrugBank,drug
10230,21447,Temocillin,DB12343,DrugBank,drug
10231,21448,Epicillin,DB13300,DrugBank,drug
10232,21449,Pheneticillin,DB13337,DrugBank,drug
10233,21450,Carfecillin,DB13506,DrugBank,drug
10234,21451,Propicillin,DB13660,DrugBank,drug
10235,21452,Clometocillin,DB13686,DrugBank,drug
10236,21453,Sulbenicillin,DB13693,DrugBank,drug
10237,21454,Penamecillin,DB13739,DrugBank,drug
10238,21455,Talampicillin,DB13814,DrugBank,drug
10239,21456,Aspoxicillin,DB13816,DrugBank,drug
10240,21457,Metampicillin,DB13836,DrugBank,drug
10241,21458,Aramchol,DB11860,DrugBank,drug
10242,21459,Ox bile extract,DB14016,DrugBank,drug
10243,21460,Calaspargase pegol,DB14730,DrugBank,drug
10244,21461,Prostaglandin B2,DB02304,DrugBank,drug
10245,21462,Penicillin G Acyl-Serine,DB02968,DrugBank,drug
10246,21463,Certoparin,DB09261,DrugBank,drug
10247,21464,Potassium lactate,DB09483,DrugBank,drug
10248,21465,Potassium bitartrate,DB11107,DrugBank,drug
10249,21466,Potassium hydroxide,DB11153,DrugBank,drug
10250,21467,Fenprostalene,DB11411,DrugBank,drug
10251,21468,Luprostiol,DB11425,DrugBank,drug
10252,21469,Prostalene,DB11454,DrugBank,drug
10253,21470,Fluprostenol,DB11519,DrugBank,drug
10254,21471,Mannitol busulfan,DB12097,DrugBank,drug
10255,21472,Betulinic Acid,DB12480,DrugBank,drug
10256,21473,Feprazone,DB13364,DrugBank,drug
10257,21474,Pranoprofen,DB13514,DrugBank,drug
10258,21475,Potassium Guaiacolsulfonate,DB13735,DrugBank,drug
10259,21476,Enprostil,DB13824,DrugBank,drug
10260,21477,Potassium permanganate,DB13831,DrugBank,drug
10261,21478,Potassium carbonate,DB13977,DrugBank,drug
10262,21479,Potassium triiodide,DB14492,DrugBank,drug
10263,21480,"(6S)-5,6,7,8-tetrahydrofolic acid",DB02031,DrugBank,drug
10264,21481,Levoleucovorin,DB11596,DrugBank,drug
10265,21482,Tolevamer,DB01344,DrugBank,drug
10266,21483,"3-Aza-2,3-Dihydrogeranyl Diphosphate",DB02369,DrugBank,drug
10267,21484,Thiopyrophosphate,DB02423,DrugBank,drug
10268,21485,Pyrophosphoric acid,DB04160,DrugBank,drug
10269,21486,OXI-4503,DB05143,DrugBank,drug
10270,21487,"1alpha,24S-Dihydroxyvitamin D2",DB06117,DrugBank,drug
10271,21488,Sodium tripolyphosphate,DB11493,DrugBank,drug
10272,21489,1alpha-Hydroxyvitamin D5,DB13097,DrugBank,drug
10273,21490,Phosphate ion,DB14523,DrugBank,drug
10274,21491,Abafungin,DB06395,DrugBank,drug
10275,21492,Ravuconazole,DB06440,DrugBank,drug
10276,21493,Albaconazole,DB12073,DrugBank,drug
10277,21494,Calcium glubionate anhydrous,DB13142,DrugBank,drug
10278,21495,Gluconic Acid,DB13180,DrugBank,drug
10279,21496,Calcium pangamate,DB13590,DrugBank,drug
10280,21497,PD173955,DB02567,DrugBank,drug
10281,21498,Motesanib,DB05575,DrugBank,drug
10282,21499,Glesatinib,DB06302,DrugBank,drug
10283,21500,Pacritinib,DB11697,DrugBank,drug
10284,21501,Crenolanib,DB11832,DrugBank,drug
10285,21502,Flumatinib,DB11904,DrugBank,drug
10286,21503,Savolitinib,DB12048,DrugBank,drug
10287,21504,Iodide I-131,DB09293,DrugBank,drug
10288,21505,Emetine,DB13393,DrugBank,drug
10289,21506,Bismuth subcitrate potassium,DB09275,DrugBank,drug
10290,21507,Bismuth subcarbonate,DB11281,DrugBank,drug
10291,21508,Pirlimycin,DB11537,DrugBank,drug
10292,21509,Valproate bismuth,DB13910,DrugBank,drug
10293,21510,D-Levofloxacin,DB03034,DrugBank,drug
10294,21511,25-desacetylrifapentine,DB15213,DrugBank,drug
10295,21512,Chloroform,DB11387,DrugBank,drug
10296,21513,Enibomal,DB13229,DrugBank,drug
10297,21514,2-Hydroxyestradiol,DB07706,DrugBank,drug
10298,21515,Insulin argine,DB11564,DrugBank,drug
10299,21516,Aminomethylbenzoic acid,DB13244,DrugBank,drug
10300,21517,Tacalcitol,DB13689,DrugBank,drug
10301,21518,Ferric ammonium citrate,DB09501,DrugBank,drug
10302,21519,Ferumoxsil,DB09507,DrugBank,drug
10303,21520,Ferumoxides,DB09508,DrugBank,drug
10304,21521,Ferric sulfate,DB11171,DrugBank,drug
10305,21522,Gleptoferron,DB11417,DrugBank,drug
10306,21523,Perflubutane,DB12821,DrugBank,drug
10307,21524,Sodium feredetate,DB13381,DrugBank,drug
10308,21525,Ferric hydroxide,DB13423,DrugBank,drug
10309,21526,Ferric oxyhydroxide,DB14695,DrugBank,drug
10310,21527,TMC-310911,DB15623,DrugBank,drug
10311,21528,PEG-uricase,DB05321,DrugBank,drug
10312,21529,Peginterferon alfacon-1,DB05860,DrugBank,drug
10313,21530,GlycoPEG-GCSF,DB06022,DrugBank,drug
10314,21531,Pegnivacogin,DB06293,DrugBank,drug
10315,21532,Pegsunercept,DB06611,DrugBank,drug
10316,21533,Eptacog alfa pegol (activated),DB11661,DrugBank,drug
10317,21534,Olaptesed Pegol,DB11707,DrugBank,drug
10318,21535,Abicipar Pegol,DB12258,DrugBank,drug
10319,21536,Lexaptepid Pegol,DB12578,DrugBank,drug
10320,21537,Pegvaliase,DB12839,DrugBank,drug
10321,21538,Pegamotecan,DB12842,DrugBank,drug
10322,21539,Elapegademase,DB14712,DrugBank,drug
10323,21540,Ferric carboxymaltose,DB08917,DrugBank,drug
10324,21541,Ferrous bisglycinate,DB11210,DrugBank,drug
10325,21542,Iron isomaltoside 1000,DB12208,DrugBank,drug
10326,21543,Ferrous chloride,DB13569,DrugBank,drug
10327,21544,Mephenesin,DB13583,DrugBank,drug
10328,21545,Ecgonine,DB01525,DrugBank,drug
10329,21546,Dimetotiazine,DB08967,DrugBank,drug
10330,21547,Aptazapine,DB09305,DrugBank,drug
10331,21548,ORM-12741,DB12057,DrugBank,drug
10332,21549,GSK-1004723,DB12806,DrugBank,drug
10333,21550,Deptropine,DB13466,DrugBank,drug
10334,21551,Tritoqualine,DB13711,DrugBank,drug
10335,21552,Magnesium ascorbate,DB14484,DrugBank,drug
10336,21553,GSK-239512,DB15120,DrugBank,drug
10337,21554,ABT-288,DB15192,DrugBank,drug
10338,21555,Artefenomel,DB11809,DrugBank,drug
10339,21556,Chlorproguanil,DB12314,DrugBank,drug
10340,21557,Artemotil,DB13851,DrugBank,drug
10341,21558,Cycloguanil,DB14763,DrugBank,drug
10342,21559,Virginiamycin M1,DB01669,DrugBank,drug
10343,21560,Sinefungin,DB01910,DrugBank,drug
10344,21561,Maltotetraose,DB02237,DrugBank,drug
10345,21562,Thymol,DB02513,DrugBank,drug
10346,21563,Pyroquilon,DB02756,DrugBank,drug
10347,21564,Fosmidomycin,DB02948,DrugBank,drug
10348,21565,GE-2270A,DB02975,DrugBank,drug
10349,21566,Salicylhydroxamic Acid,DB03819,DrugBank,drug
10350,21567,Aurodox,DB04124,DrugBank,drug
10351,21568,Lawsone,DB04744,DrugBank,drug
10352,21569,Streptolydigin,DB04785,DrugBank,drug
10353,21570,Ramoplanin,DB04952,DrugBank,drug
10354,21571,Spiramycin,DB06145,DrugBank,drug
10355,21572,Squalamine,DB06461,DrugBank,drug
10356,21573,Thiamphenicol,DB08621,DrugBank,drug
10357,21574,Hexetidine,DB08958,DrugBank,drug
10358,21575,Fusafungine,DB08965,DrugBank,drug
10359,21576,Avilamycin,DB11375,DrugBank,drug
10360,21577,Bambermycins,DB11377,DrugBank,drug
10361,21578,Efrotomycin,DB11401,DrugBank,drug
10362,21579,Florfenicol,DB11413,DrugBank,drug
10363,21580,Gamithromycin,DB11416,DrugBank,drug
10364,21581,Lasalocid,DB11423,DrugBank,drug
10365,21582,Marbofloxacin,DB11426,DrugBank,drug
10366,21583,Narasin,DB11432,DrugBank,drug
10367,21584,Roxarsone,DB11458,DrugBank,drug
10368,21585,Thiostrepton,DB11467,DrugBank,drug
10369,21586,Tiamulin,DB11468,DrugBank,drug
10370,21587,Tulathromycin A,DB11474,DrugBank,drug
10371,21588,Ceftiofur,DB11485,DrugBank,drug
10372,21589,Maduramicin,DB11525,DrugBank,drug
10373,21590,Isatoic anhydride,DB11593,DrugBank,drug
10374,21591,Epetraborole,DB11744,DrugBank,drug
10375,21592,Lanopepden,DB11912,DrugBank,drug
10376,21593,Cordycepin,DB12156,DrugBank,drug
10377,21594,Protionamide,DB12667,DrugBank,drug
10378,21595,Nikkomycin Z,DB12939,DrugBank,drug
10379,21596,Biapenem,DB13028,DrugBank,drug
10380,21597,LCB01-0371,DB13077,DrugBank,drug
10381,21598,Tunicamycin,DB13172,DrugBank,drug
10382,21599,Azidamfenicol,DB13294,DrugBank,drug
10383,21600,Pecilocin,DB13459,DrugBank,drug
10384,21601,Pentamycin,DB13571,DrugBank,drug
10385,21602,Pyrrolnitrin,DB13603,DrugBank,drug
10386,21603,Pristinamycin,DB13704,DrugBank,drug
10387,21604,Decamethoxine,DB13705,DrugBank,drug
10388,21605,Nifuratel,DB13724,DrugBank,drug
10389,21606,Malacidin A,DB14051,DrugBank,drug
10390,21607,Malacidin B,DB14052,DrugBank,drug
10391,21608,Nigericin,DB14056,DrugBank,drug
10392,21609,Basifungin,DB14058,DrugBank,drug
10393,21610,Ceftobiprole medocaril,DB14733,DrugBank,drug
10394,21611,Murepavadin,DB14777,DrugBank,drug
10395,21612,Olorofim,DB15245,DrugBank,drug
10396,21613,Ala-geninthiocin,DB15657,DrugBank,drug
10397,21614,Corticorelin ovine triflutate,DB09067,DrugBank,drug
10398,21615,Amorolfine,DB09056,DrugBank,drug
10399,21616,Ethiodized oil,DB00965,DrugBank,drug
10400,21617,Iohexol,DB01362,DrugBank,drug
10401,21618,Iopamidol,DB08947,DrugBank,drug
10402,21619,Glucarpidase,DB08898,DrugBank,drug
10403,21620,Maxy-G34,DB05718,DrugBank,drug
10404,21621,Epoetin delta,DB11624,DrugBank,drug
10405,21622,Muplestim,DB12431,DrugBank,drug
10406,21623,Molgramostim,DB12525,DrugBank,drug
10407,21624,Balugrastim,DB12699,DrugBank,drug
10408,21625,Leridistim,DB15095,DrugBank,drug
10409,21626,Pegteograstim,DB15290,DrugBank,drug
10410,21627,Sodium bisulfite,DB14015,DrugBank,drug
10411,21628,Flubendazole,DB08974,DrugBank,drug
10412,21629,Cambendazole,DB11380,DrugBank,drug
10413,21630,Fenbendazole,DB11410,DrugBank,drug
10414,21631,Oxfendazole,DB11446,DrugBank,drug
10415,21632,AGN-201904,DB13135,DrugBank,drug
10416,21633,Albendazole oxide,DB13871,DrugBank,drug
10417,21634,Cephalosporin analog,DB02136,DrugBank,drug
10418,21635,Cephalosporin C,DB03313,DrugBank,drug
10419,21636,Deacetoxycephalosporin C,DB03938,DrugBank,drug
10420,21637,Levopropoxyphene,DB06793,DrugBank,drug
10421,21638,Sage oil,DB11199,DrugBank,drug
10422,21639,Borage oil,DB11238,DrugBank,drug
10423,21640,Misonidazole,DB11716,DrugBank,drug
10424,21641,Gamolenic acid,DB13854,DrugBank,drug
10425,21642,Centella asiatica,DB14256,DrugBank,drug
10426,21643,Satraplatin,DB04996,DrugBank,drug
10427,21644,Platinum,DB12257,DrugBank,drug
10428,21645,CG-200745,DB12259,DrugBank,drug
10429,21646,OBP-801,DB12279,DrugBank,drug
10430,21647,R-306465,DB12382,DrugBank,drug
10431,21648,Tefinostat,DB15321,DrugBank,drug
10432,21649,Nanatinostat,DB15419,DrugBank,drug
10433,21650,Talc,DB09511,DrugBank,drug
10434,21651,Ascorbyl phosphate,DB11352,DrugBank,drug
10435,21652,Benziodarone,DB13277,DrugBank,drug
10436,21653,19-norandrostenedione,DB01434,DrugBank,drug
10437,21654,Bolasterone,DB01471,DrugBank,drug
10438,21655,Clostebol,DB01521,DrugBank,drug
10439,21656,Androstenediol,DB01524,DrugBank,drug
10440,21657,Bolandiol,DB01554,DrugBank,drug
10441,21658,Fluasterone,DB06250,DrugBank,drug
10442,21659,Atamestane,DB12194,DrugBank,drug
10443,21660,Metenolone,DB13710,DrugBank,drug
10444,21661,Verinurad,DB11873,DrugBank,drug
10445,21662,Isobromindione,DB13545,DrugBank,drug
10446,21663,Tisopurine,DB13807,DrugBank,drug
10447,21664,Pipobroman,DB00236,DrugBank,drug
10448,21665,Tubercidin,DB03172,DrugBank,drug
10449,21666,"3,4-Dihydroxybenzoic Acid",DB03946,DrugBank,drug
10450,21667,Sparsomycin,DB04222,DrugBank,drug
10451,21668,Thymalfasin,DB04900,DrugBank,drug
10452,21669,Sitimagene ceradenovec,DB04907,DrugBank,drug
10453,21670,Ranpirnase,DB04950,DrugBank,drug
10454,21671,Oglufanide,DB05779,DrugBank,drug
10455,21672,Transcrocetinate,DB05974,DrugBank,drug
10456,21673,Plevitrexed,DB06163,DrugBank,drug
10457,21674,IMO-2055,DB06181,DrugBank,drug
10458,21675,Pixantrone,DB06193,DrugBank,drug
10459,21676,Sapacitabine,DB06365,DrugBank,drug
10460,21677,Ginsenoside C,DB06748,DrugBank,drug
10461,21678,Roquinimex,DB11366,DrugBank,drug
10462,21679,Masitinib,DB11526,DrugBank,drug
10463,21680,Aclarubicin,DB11617,DrugBank,drug
10464,21681,Zorubicin,DB11618,DrugBank,drug
10465,21682,Dactolisib,DB11651,DrugBank,drug
10466,21683,Rabusertib,DB11662,DrugBank,drug
10467,21684,Ortataxel,DB11669,DrugBank,drug
10468,21685,Treosulfan,DB11678,DrugBank,drug
10469,21686,2-chloroethyl-3-sarcosinamide-1-nitrosourea,DB11688,DrugBank,drug
10470,21687,Ilorasertib,DB11694,DrugBank,drug
10471,21688,Epacadostat,DB11717,DrugBank,drug
10472,21689,Endostar,DB11727,DrugBank,drug
10473,21690,GSK-2636771,DB11795,DrugBank,drug
10474,21691,Acridine Carboxamide,DB11880,DrugBank,drug
10475,21692,Infigratinib,DB11886,DrugBank,drug
10476,21693,Efatutazone,DB11894,DrugBank,drug
10477,21694,Rociletinib,DB11907,DrugBank,drug
10478,21695,Guadecitabine,DB11918,DrugBank,drug
10479,21696,Vosaroxin,DB11999,DrugBank,drug
10480,21697,Broxuridine,DB12028,DrugBank,drug
10481,21698,Naquotinib,DB12036,DrugBank,drug
10482,21699,Trebananib,DB12056,DrugBank,drug
10483,21700,Volasertib,DB12062,DrugBank,drug
10484,21701,Anecortave,DB12081,DrugBank,drug
10485,21702,Vesnarinone,DB12082,DrugBank,drug
10486,21703,Mafosfamide,DB12083,DrugBank,drug
10487,21704,LCL-161,DB12085,DrugBank,drug
10488,21705,Taselisib,DB12108,DrugBank,drug
10489,21706,Namitecan,DB12124,DrugBank,drug
10490,21707,Rigosertib,DB12146,DrugBank,drug
10491,21708,Binetrakin,DB12182,DrugBank,drug
10492,21709,Exatecan,DB12185,DrugBank,drug
10493,21710,Lurtotecan,DB12222,DrugBank,drug
10494,21711,KRN-7000,DB12232,DrugBank,drug
10495,21712,Bizelesin,DB12352,DrugBank,drug
10496,21713,Merestinib,DB12381,DrugBank,drug
10497,21714,10-hydroxycamptothecin,DB12385,DrugBank,drug
10498,21715,Sulforaphane,DB12422,DrugBank,drug
10499,21716,Taurolidine,DB12473,DrugBank,drug
10500,21717,Oltipraz,DB12539,DrugBank,drug
10501,21718,Pyrazoloacridine,DB12549,DrugBank,drug
10502,21719,Fosbretabulin,DB12577,DrugBank,drug
10503,21720,Apaziquone,DB12593,DrugBank,drug
10504,21721,Combretastatin,DB12596,DrugBank,drug
10505,21722,PU-H71,DB12638,DrugBank,drug
10506,21723,Beloranib,DB12671,DrugBank,drug
10507,21724,Soblidotin,DB12677,DrugBank,drug
10508,21725,Salirasib,DB12681,DrugBank,drug
10509,21726,Methylselenocysteine,DB12697,DrugBank,drug
10510,21727,Dolastatin 10,DB12730,DrugBank,drug
10511,21728,Etanidazole,DB12736,DrugBank,drug
10512,21729,Lometrexol,DB12769,DrugBank,drug
10513,21730,Prednimustine,DB12832,DrugBank,drug
10514,21731,Buthionine Sulfoximine,DB12870,DrugBank,drug
10515,21732,Dianhydrogalactitol,DB12873,DrugBank,drug
10516,21733,Indole-3-carbinol,DB12881,DrugBank,drug
10517,21734,Fiacitabine,DB12901,DrugBank,drug
10518,21735,Nolatrexed,DB12912,DrugBank,drug
10519,21736,Mitolactol,DB12916,DrugBank,drug
10520,21737,Pinometostat,DB12920,DrugBank,drug
10521,21738,Didox,DB12948,DrugBank,drug
10522,21739,Mitoguazone,DB12967,DrugBank,drug
10523,21740,Penclomedine,DB12987,DrugBank,drug
10524,21741,Rebastinib,DB13005,DrugBank,drug
10525,21742,Tocladesine,DB13046,DrugBank,drug
10526,21743,Liarozole,DB13066,DrugBank,drug
10527,21744,Nimustine,DB13069,DrugBank,drug
10528,21745,X-396,DB13104,DrugBank,drug
10529,21746,Sizofiran,DB13128,DrugBank,drug
10530,21747,Daidzein,DB13182,DrugBank,drug
10531,21748,Tiazofurine,DB13243,DrugBank,drug
10532,21749,Triaziquone,DB13304,DrugBank,drug
10533,21750,Demecolcine,DB13318,DrugBank,drug
10534,21751,Mannosulfan,DB13334,DrugBank,drug
10535,21752,Etoglucid,DB13339,DrugBank,drug
10536,21753,Lentinan,DB13480,DrugBank,drug
10537,21754,Mitobronitol,DB13543,DrugBank,drug
10538,21755,Semustine,DB13647,DrugBank,drug
10539,21756,Carboquone,DB13677,DrugBank,drug
10540,21757,Vorozole,DB13767,DrugBank,drug
10541,21758,Oblimersen,DB13811,DrugBank,drug
10542,21759,Ranimustine,DB13832,DrugBank,drug
10543,21760,Coumermycin A1,DB13912,DrugBank,drug
10544,21761,Toyocamycin,DB13916,DrugBank,drug
10545,21762,Combretastatin A4,DB14680,DrugBank,drug
10546,21763,Rivoceranib,DB14765,DrugBank,drug
10547,21764,AZD-5991,DB14792,DrugBank,drug
10548,21765,ONC-201,DB14844,DrugBank,drug
10549,21766,Ensartinib,DB14860,DrugBank,drug
10550,21767,Human interleukin-2,DB14865,DrugBank,drug
10551,21768,Etirinotecan pegol,DB14951,DrugBank,drug
10552,21769,NUC-1031,DB15057,DrugBank,drug
10553,21770,Voruciclib,DB15157,DrugBank,drug
10554,21771,KRN-5500,DB15215,DrugBank,drug
10555,21772,Perillyl alcohol,DB15289,DrugBank,drug
10556,21773,Tallimustine,DB15466,DrugBank,drug
10557,21774,DTS-201,DB06071,DrugBank,drug
10558,21775,Sabarubicin,DB12410,DrugBank,drug
10559,21776,Zoptarelin doxorubicin,DB12755,DrugBank,drug
10560,21777,GPX-150,DB13103,DrugBank,drug
10561,21778,Deslorelin,DB11510,DrugBank,drug
10562,21779,Activated charcoal,DB09278,DrugBank,drug
10563,21780,Albusomatropin,DB12950,DrugBank,drug
10564,21781,Somatropin pegol,DB15112,DrugBank,drug
10565,21782,Oseltamivir acid,DB02600,DrugBank,drug
10566,21783,Rupintrivir,DB05102,DrugBank,drug
10567,21784,Pleconaril,DB05105,DrugBank,drug
10568,21785,UC-781,DB05871,DrugBank,drug
10569,21786,Alovudine,DB06198,DrugBank,drug
10570,21787,Maribavir,DB06234,DrugBank,drug
10571,21788,Elvucitabine,DB06236,DrugBank,drug
10572,21789,Emivirine,DB08188,DrugBank,drug
10573,21790,Dapivirine,DB08639,DrugBank,drug
10574,21791,Ruzasvir,DB11713,DrugBank,drug
10575,21792,Cenicriviroc,DB11758,DrugBank,drug
10576,21793,Faldaprevir,DB11808,DrugBank,drug
10577,21794,Pritelivir,DB11844,DrugBank,drug
10578,21795,Ingavirin,DB11944,DrugBank,drug
10579,21796,Sorivudine,DB11998,DrugBank,drug
10580,21797,Vedroprevir,DB12037,DrugBank,drug
10581,21798,Atevirdine,DB12264,DrugBank,drug
10582,21799,Dexelvucitabine,DB12470,DrugBank,drug
10583,21800,Vesatolimod,DB12687,DrugBank,drug
10584,21801,Racivir,DB12753,DrugBank,drug
10585,21802,Laninamivir,DB12791,DrugBank,drug
10586,21803,Odalasvir,DB13041,DrugBank,drug
10587,21804,Metisazone,DB13641,DrugBank,drug
10588,21805,Ibacitabine,DB13776,DrugBank,drug
10589,21806,PF-232798,DB14813,DrugBank,drug
10590,21807,Adafosbuvir,DB14906,DrugBank,drug
10591,21808,Alovudine F-18,DB14930,DrugBank,drug
10592,21809,BMS-955176,DB15193,DrugBank,drug
10593,21810,Uprifosbuvir,DB15206,DrugBank,drug
10594,21811,Radavirsen,DB15332,DrugBank,drug
10595,21812,Fialuridine,DB15427,DrugBank,drug
10596,21813,Onasemnogene abeparvovec,DB15528,DrugBank,drug
10597,21814,GS-441524,DB15686,DrugBank,drug
10598,21815,Hexaminolevulinate,DB06261,DrugBank,drug
10599,21816,Dibekacin,DB13270,DrugBank,drug
10600,21817,Micronomicin,DB13274,DrugBank,drug
10601,21818,Bekanamycin,DB13673,DrugBank,drug
10602,21819,Silver cation,DB14521,DrugBank,drug
10603,21820,Paspalum notatum pollen,DB10349,DrugBank,drug
10604,21821,Cynodon dactylon pollen,DB10351,DrugBank,drug
10605,21822,Poa annua pollen,DB10353,DrugBank,drug
10606,21823,Sorghum halepense pollen,DB10365,DrugBank,drug
10607,21824,Poa pratensis pollen,DB10366,DrugBank,drug
10608,21825,Festuca pratensis pollen,DB10370,DrugBank,drug
10609,21826,Dactylis glomerata pollen,DB10379,DrugBank,drug
10610,21827,Lolium perenne pollen,DB10389,DrugBank,drug
10611,21828,Phleum pratense pollen,DB10394,DrugBank,drug
10612,21829,Holcus lanatus pollen,DB10395,DrugBank,drug
10613,21830,Agrostis gigantea pollen,DB10403,DrugBank,drug
10614,21831,Anthoxanthum odoratum pollen,DB10404,DrugBank,drug
10615,21832,Elymus repens pollen,DB10489,DrugBank,drug
10616,21833,Distichlis spicata pollen,DB10494,DrugBank,drug
10617,21834,Poa compressa pollen,DB10713,DrugBank,drug
10618,21835,Phalaris arundinacea pollen,DB10714,DrugBank,drug
10619,21836,Bouteloua gracilis pollen,DB10715,DrugBank,drug
10620,21837,Urochloa mutica pollen,DB10716,DrugBank,drug
10621,21838,Secale cereale pollen,DB10717,DrugBank,drug
10622,21839,Pascopyrum smithii pollen,DB10719,DrugBank,drug
10623,21840,Bromus secalinus pollen,DB10836,DrugBank,drug
10624,21841,Arrhenatherum elatius pollen,DB10879,DrugBank,drug
10625,21842,Koeleria macrantha pollen,DB10949,DrugBank,drug
10626,21843,Agrostis stolonifera pollen,DB10962,DrugBank,drug
10627,21844,Phalaris minor pollen,DB10963,DrugBank,drug
10628,21845,Lolium perenne subsp. multiflorum pollen,DB10964,DrugBank,drug
10629,21846,Sorghum bicolor subsp. drummondii pollen,DB10966,DrugBank,drug
10630,21847,Clebopride,DB13511,DrugBank,drug
10631,21848,Fallypride,DB15167,DrugBank,drug
10632,21849,Eticlopride,DB15492,DrugBank,drug
10633,21850,Etilevodopa,DB06535,DrugBank,drug
10634,21851,Budipine,DB13502,DrugBank,drug
10635,21852,Dexpramipexole,DB15130,DrugBank,drug
10636,21853,Lanthanum III cation,DB14579,DrugBank,drug
10637,21854,"4-butyl-5-propyl-1,3-selenazol-2-amine",DB01740,DrugBank,drug
10638,21855,Dioxyselenocysteine,DB02442,DrugBank,drug
10639,21856,Selenoinosine,DB02753,DrugBank,drug
10640,21857,Selenomethionine Selenoxide,DB02958,DrugBank,drug
10641,21858,"(S)-2-Amino-3-(6h-Selenolo[2,3-B]-Pyrrol-4-Yl)-Propionic Acid",DB03043,DrugBank,drug
10642,21859,S-Selanyl Cysteine,DB03049,DrugBank,drug
10643,21860,[Methylseleno]Acetate,DB03098,DrugBank,drug
10644,21861,S-Adenosyl-L-Homoselenocysteine,DB03423,DrugBank,drug
10645,21862,"(S)-2-Amino-3-(4h-Selenolo[3,2-B]-Pyrrol-6-Yl)-Propionic Acid",DB03513,DrugBank,drug
10646,21863,ALT-2074,DB05631,DrugBank,drug
10647,21864,Selenomethionine Se-75,DB09400,DrugBank,drug
10648,21865,Selenic acid,DB11068,DrugBank,drug
10649,21866,Selenomethionine,DB11142,DrugBank,drug
10650,21867,Aluminum oxide,DB11342,DrugBank,drug
10651,21868,Selenium (75Se) norcholesterol,DB13622,DrugBank,drug
10652,21869,Ethaselen,DB15051,DrugBank,drug
10653,21870,Thenalidine,DB04826,DrugBank,drug
10654,21871,Pimethixene,DB13292,DrugBank,drug
10655,21872,Talastine,DB13349,DrugBank,drug
10656,21873,Histapyrrodine,DB13479,DrugBank,drug
10657,21874,Sequifenadine,DB13566,DrugBank,drug
10658,21875,Oxomemazine,DB13820,DrugBank,drug
10659,21876,Hydroxyethylpromethazine,DB13840,DrugBank,drug
10660,21877,Pyrrobutamine,DB13846,DrugBank,drug
10661,21878,Nalorphine,DB11490,DrugBank,drug
10662,21879,Axelopran,DB12013,DrugBank,drug
10663,21880,LY-2456302,DB12341,DrugBank,drug
10664,21881,Samidorphan,DB12543,DrugBank,drug
10665,21882,Ondelopran,DB12585,DrugBank,drug
10666,21883,Cyclofenil,DB13472,DrugBank,drug
10667,21884,Nefopam,DB12293,DrugBank,drug
10668,21885,GSK-256066,DB12137,DrugBank,drug
10669,21886,E-6005,DB12776,DrugBank,drug
10670,21887,MK-0873,DB13029,DrugBank,drug
10671,21888,VTP-27999,DB12416,DrugBank,drug
10672,21889,Clorobiocin,DB03966,DrugBank,drug
10673,21890,Hymecromone,DB07118,DrugBank,drug
10674,21891,Haloxon,DB11419,DrugBank,drug
10675,21892,Bergapten,DB12216,DrugBank,drug
10676,21893,Tecarfarin,DB12823,DrugBank,drug
10677,21894,4-methylumbelliferyl beta-D-glucoside,DB13177,DrugBank,drug
10678,21895,Carbocromen,DB13279,DrugBank,drug
10679,21896,Acetophenone,DB04619,DrugBank,drug
10680,21897,Motexafin lutetium,DB05296,DrugBank,drug
10681,21898,Rostaporfin,DB06659,DrugBank,drug
10682,21899,Adrenalone,DB13394,DrugBank,drug
10683,21900,Ornipressin,DB13464,DrugBank,drug
10684,21901,Angiotensinamide,DB13517,DrugBank,drug
10685,21902,Sodium chloride,DB09153,DrugBank,drug
10686,21903,Phenylacetaldehyde,DB02178,DrugBank,drug
10687,21904,Malonaldehyde,DB03057,DrugBank,drug
10688,21905,Phosphonoacetaldehyde,DB03174,DrugBank,drug
10689,21906,Glutaral,DB03266,DrugBank,drug
10690,21907,P-Hydroxybenzaldehyde,DB03560,DrugBank,drug
10691,21908,Tucaresol,DB13027,DrugBank,drug
10692,21909,Cinnamaldehyde,DB14184,DrugBank,drug
10693,21910,Tosylchloramide,DB14708,DrugBank,drug
10694,21911,Zoalene,DB11480,DrugBank,drug
10695,21912,Iodohippuric acid,DB15445,DrugBank,drug
10696,21913,Patiromer,DB09263,DrugBank,drug
10697,21914,Calcitonin porcine,DB13189,DrugBank,drug
10698,21915,Flumedroxone,DB13610,DrugBank,drug
10699,21916,Brodimoprim,DB13795,DrugBank,drug
10700,21917,Alferminogene tadenovec,DB05306,DrugBank,drug
10701,21918,Calcitonin gene-related peptide,DB06379,DrugBank,drug
10702,21919,Imolamine,DB09284,DrugBank,drug
10703,21920,Cinepazide,DB12123,DrugBank,drug
10704,21921,Bradykinin,DB12126,DrugBank,drug
10705,21922,Puerarin,DB12290,DrugBank,drug
10706,21923,Bamethan,DB13206,DrugBank,drug
10707,21924,Flosequinan,DB13228,DrugBank,drug
10708,21925,Hexobendine,DB13265,DrugBank,drug
10709,21926,Suloctidil,DB13340,DrugBank,drug
10710,21927,Nicofuranose,DB13422,DrugBank,drug
10711,21928,Butalamine,DB13681,DrugBank,drug
10712,21929,Dilazep,DB13715,DrugBank,drug
10713,21930,Cetiedil,DB13753,DrugBank,drug
10714,21931,Vinburnine,DB13793,DrugBank,drug
10715,21932,Etafenone,DB13845,DrugBank,drug
10716,21933,Ornidazole,DB13026,DrugBank,drug
10717,21934,Propenidazole,DB13319,DrugBank,drug
10718,21935,Diethyltoluamide,DB11282,DrugBank,drug
10719,21936,Icaridin,DB14074,DrugBank,drug
10720,21937,Succimer,DB00566,DrugBank,drug
10721,21938,Dipicolinic acid,DB04267,DrugBank,drug
10722,21939,Tagatose,DB04936,DrugBank,drug
10723,21940,Poliglusam,DB11234,DrugBank,drug
10724,21941,Emeramide,DB12192,DrugBank,drug
10725,21942,Dichloroisoproterenol,DB12803,DrugBank,drug
10726,21943,Dimethicone,DB11074,DrugBank,drug
10727,21944,Tocotrienol,DB12647,DrugBank,drug
10728,21945,Menaquinone 7,DB13075,DrugBank,drug
10729,21946,DL-alpha-Tocopherol,DB14476,DrugBank,drug
10730,21947,Menaquinone 6,DB14936,DrugBank,drug
10731,21948,Menaquinone,DB15381,DrugBank,drug
10732,21949,gamma-Tocopherol,DB15394,DrugBank,drug
10733,21950,Aluminum cation,DB14519,DrugBank,drug
10734,21951,Sodium aurotiosulfate,DB13743,DrugBank,drug
10735,21952,Sulprostone,DB12708,DrugBank,drug
10736,21953,Demoxytocin,DB13798,DrugBank,drug
10737,21954,Butanilicaine,DB13328,DrugBank,drug
10738,21955,Metabutethamine,DB13578,DrugBank,drug
10739,21956,Quinisocaine,DB13683,DrugBank,drug
10740,21957,Meladrazine,DB13272,DrugBank,drug
